ticker,name,pool_id,stake_ada,blocks_2026,blocks_last_10_epochs
ECHO,Echo Pool,pool1eucxv3gn8lk93fpud5d5n5e87nr0j2udvnjnm99q8eqrucmj25d,596,14,0
SILEM,Silem Foundation,pool1yze2j2m286u2evnsphkaz3uyx805wxrg9qqn9ftns43kypl45kq,1060,1,0
MTSK,Matryoshka pool,pool1f6ltd3rd3e69klr32r0xw7h59lc76lhc9l705d380lj76d926du,1621,12,7
LAKCV,InvestPool800nlb,pool1w728ekz4fs2f33qmqf7047hvwsmarjrv5l575ncnh7hkc0zdhgz,3017,11,3
1FAT,One_Fathom,pool1t6xhh2stg5k50sjdzjglp2h0j59vupwv3kur45efvkk7cps5hwq,3865,16,2
GUAVA,Guava Pool,pool15jh849vks9mctm28xe6kgz682vnlu0pzawvftl7ltjtvwpwp59s,5544,1,1
YAM,YAM Pool,pool12hhrd4azpps5jxppcqs2pgtylatg7xkhaqmnetgv2988k3t4drf,5599,11,0
MINES,ADAstra Mines,pool18e0uhtm4pspfrnktwguypytjfgwz6dw6zzn3gulpdjfx7qd0439,9335,4,1
NRVN,Nirvana,pool1xmtmp6cmmmaatkn3jd9dlht8xjyf7xnqmrurs59kj2ygxuz2jkd,11121,29,0
XC0DE,xc0de,pool1ux4es4p8kfq3u4nax564ukcte2vzepsz68dkgg24k7l7xh5786v,12620,1,0
CAHLI,Cahli Pool,pool18mnua97ndq302yw2c6aaw6msx5rgf79mfnk4xe5y92tvjl45etl,12686,52,1
SSX,Stealth_Syntax,pool1h92eaq3wksa7j3ecd8llyxva9kuyuz5ucm7a8hpwz8vhzj0wtsf,16001,2,0
CCIO,ChainCrucial.io,pool10jqlkjfn2rtlc6hp95p8k4h04h3dfmdcgnga6umwp2rpukpg20l,16350,9,0
RVH,Rampant Violet Hawking,pool1qv3velgldz529zq904jy9qfrhdh0akwkkhylu2rymd6sw9m02cc,18266,4,0
WILDR,WILDR Staking Pool,pool127jufnlxk4n6he84qjf8ppzmxs9sjnqlhulnuzsk0uc0whtl9sn,18487,1,0
DOS,Dos Stake Pool,pool10jd7mphm0mmrnfvyytzs3tfrmjmtkvalfx8nql7tae06v0rkjk3,23613,3,0
CSWP2,50% CSWAP DEX ISPO Pool [CSWP2],pool1tdtzmmmak0tkte2j2hr223dfnqpdy85ypd66tddwywpeuknn2pn,24811,4,0
ZENA,ZenaPool,pool1yvwry5gmqta5tug7gjmfr33c2whdjf88tfykqckaxsdcgcd482q,24945,1,0
MYR,Myrmidon Staking 01,pool1zyjvzvvkppsepsv4d75t2lmxt5p3cpn73pw7jk9gstxh78aa9ah,24952,1,1
ZENY,Zen ADA Holdings 😌,pool1qqqq02jxq3q9j93devp9pts90ctm8w3r0rgek97ngujpjgpw46j,28668,2,0
TRASI,Montrasi Stake Pool,pool1lakvp73yzpuueyrhzr3sfyy0796gm53g95kapgnmsvv4k6apr5r,31119,2,0
BOOM,Waiting for delegators,pool1vz9txqmdhxwegpy7uzrsap84z309veehqv3uh4s60qwxk0u7h06,34805,1,0
RDC,Raymond Decode,pool14hk8kx2c8ukxcq7z3tqdedly9599f9sfhy5lfd3mp98txkdeevk,41002,1,0
XRX,Reaction,pool1v3rzrj25ak30dhuyrupkxeddttetxzh4cz9ccpjlfxuh6d85d58,42129,4,2
WADE,Viperion Prime,pool1ct4ag0j73mxzy4325zwwxhgswemlgmepdnqxj6f7edz4zmlfeve,46898,7,0
MONTY,TheHolyGrail,pool1533ly347ggl6je42ta7l7dv262hg07n8p4y8v32npgvajl6rxqz,49315,1,0
TAPC,Tapioca Pool,pool1j4nkshfytq8tww99ttfwvrmv8n7yq2tvuw0xlphelzzw6vfghwq,49445,3,0
46S,46 South Stake Pool,pool1zt2d9aa8ck62uyy985yny47hr0f6cmf2hnxzke0up0lc7zcp65f,49740,7,0
DGK,Dot Stake Pool,pool19rz6ve8nz6uvq97yspwh3fvt7w03dsjsnmft6du83hvtc324dus,52074,89,4
LBF5,Ledger by Figment 5,pool1lvl6pfge9lgjuanu3556x29zglf6s3fw2lf2m823x9duj9gz6tu,52925,1,0
MLMA,Malama,pool1vy9qerf9fenp893mqrdm58uj45w3etutv4n0vdh8669uvqenkqr,55328,4,0
SALUD,deepSalud Health,pool1qqqqvmpm9v2l0tkwx4dpzth3g85lapxjug2j6sucnphyqlt4fuu,59299,6,1
CRPL,Carden Pool,pool1e3y7u0rtq2zskc7ansvtrd4p3vtv9hglyztzcvsvlk22w9t40v0,59977,3,0
GEN,GENMAI,pool1gvnkmpfu26vncrmhj6hr792kwu32hw553upadcphjwu4qewj7jz,61654,20,0
MRPHM,The Morphium,pool1meljzszklf23y97ka5sjqwasnel50xe5ar68gz70slm0jmt2wxs,63544,4,1
TALOS,Talos Stake Pool,pool1p00qq8zftf8m2ll0r9d24fx6tq7yzxzy5teltpswl7zew5m7nqp,64369,2,0
PERK1,ADAPerks,pool1xvfzclnwf0jyc9ekqmamshha9dmw8mpzd9ykgxjjpxnuwdv6mzk,69393,3,0
LBF6,Ledger by Figment 6,pool1l93nkg4n5jzdsd7k33g8vsavq4ne6ka82eddt9ysnu35vy6883j,73308,1,0
KOBE,🏆Kobe Stake Pool by Kaizen Crypto,pool14w9tn4w30dwd2lfv4cwjg2a2e3ukfd0nqrydx37fjzf7z5f5jnk,73463,17,0
NOCAR,NobodyCardanos,pool1rk28hp58ptwapha9nc944ast32gln8a7hx6eue0gzuj7sndzrhk,74289,4,1
SHOP,SHOP Pool,pool1wm89xjqp96t3mlun3pa5suxa3t4s5lluq239en0nxl7pcm5tprc,77822,4,0
YYC,cardanoYYC,pool1z724xxqgzf9a30eejsa4edznmv8hgy27ssxqfcpqz42sc6lfqwu,81369,21,0
1PCT4,1 Percent Pool #4 (v3),pool15a04yc72q4tfkwaweu86l0764urswee8c3zxperyrdq4kx8nvua,82313,2,1
KAYA,0 % fees. Cardano Singapore Pool,pool1vfayajkdc0gw876lax5va6ygpfpsd8kz73k4y977emm3clnxlm5,84377,5,0
XRAY7,XRAY | Network,pool1e6rjpsl42hsc52zc9s2awhv2df50yzw43xtc7d0vranpc9ej8uj,85584,5,1
BPP,Block Producer - Fluid Tokens Ambassador $FLDT,pool1k2yfr7tapqzfgdn7vq2u44225rtqxctelr6dp0xjqggrwnx9hnw,85696,5,1
SJG,SPO JAPAN GUILD POOL,pool1sqpksswmxpgk6yxllyq9ad4qhtnt5qyz2pv5xmz6kkt5ujrgqwf,85759,6,1
1GURU,Stakepool Guru,pool1892ry20mvu6tvrmuua5gdmk7unw30w7tf8scpllpyq8w2sdwvc7,88365,8,1
SPG01,Stakepool Germany,pool1arx4x8ecnxu46xrpfj88hwm25j9gcy8080szvf62a0avke556v5,89169,4,0
AFCH2,African Charity Pool #2,pool1f3qeehc4htjqpwv248kf5lfaumd0e84jtze379ev3ywa2w69aam,92325,2,0
CELL,CELL,pool1d63tmq02tgtk7yd6g62p9h44w4xqdgz9y8jkmcrztfmmqga540m,92741,5,1
ADPL,ADA Plus,pool1456lrrp0a3gsgkmyx0rm8wkdmdku75tfdlu9xvpffvxmqmjkwee,93651,4,0
DEEP,DeepEnd,pool136903m0kag2amlga2ypcz8wnf7d552qgy5t6vz2pqlzuq2kyshy,95234,1,0
EVE5,Everstake,pool14f58kf59ec7ymk7mm5w07advfgs6a2guur3g5zyf45uvyvl80t4,97514,5,0
SCP,Swiss Cardano Pool,pool1mzry5s8pkfy42ul2xevaq7dk6qae8247hqd8serm3ms06glvny0,98361,3,0
TTP,Trusty Tadpoles,pool1r76pjed6q8k9y8lngcedqhv52zqzc2gczwzqc93x6kwq73xprtr,98863,4,1
PARAD,Paradise Staking Pool,pool1yfacynd0va3rw27tjldfz05f6hfjhfv36wwdhn3dy2hfqq00w8y,102609,7,1
ICP1,IC-Pool1,pool1jv9pf6w2fmjqpaekyt74tjkmjxhma8wsqs8ur3dte45tqdxe3t0,105160,4,2
POND,The Pond,pool1t0jheek3yftf0a9dgzgr2hc2wttwrcjyd5whdrek4ggcc5famre,106225,5,0
ZORBA,The Greek Pool,pool1udt98825znk9uslz4v05gh5cd3s5e4g0cd9c4gzhcfpd2j2xm2u,106510,4,0
UK007,Global UK Staking Pool by the Three Lions,pool1s79cqtwk5s24lcske704ckx7k2pagn8hc95rxvy3xfda6r62pg9,107225,8,0
GOLGI,GOLGI Italy Pool 1,pool1al783um2muyhrpcj779y46z0qtnd0nteu0y5jt7252nl26dt0h0,108913,8,4
BLESS,God BlESS You,pool1hv3yae6keeeu2y7eusejx4swd2myfkurldt7lasn2qu4xk20j8m,110873,7,0
one,EnigmA,pool18qzks8vdf0yu0u5ccf8aaj35q6zfutdcfgrssuvdjmgtyykr922,111042,9,3
SPIDR,SpidarPool,pool1tnl3yxmj8848vq6meduhz9n5520a7dwsh05r5gfyvlatj87k3jl,111087,6,3
ZAM,Mission Zambia Stake Pool,pool1ch3k0e07dhqwum847sa02cyecrp000a6egdx89fz5rza230jhlp,112761,29,0
SNSKY,Summer Night SKY pool,pool1qa2h3hha0m5he0429ym7tqvsn89nsddvn7wgkx3v8g6hsstdzc0,113584,1,0
MAKE,Make Cardano Journey!,pool14n6nrj7rdrcxhwlzx5kytt60pqwnzjm97nuczrpa0ucwzyx2ule,114123,4,0
ONYX,ONYX Stake Pool #4,pool1q5sspejl875flc0z6wh9y9zxkgqnk0y3aaw8jc0pkxs6cpavm4q,114189,9,1
HRBR,The Harbour,pool1twu4rn366744tqq9g66ruy3rete6842z7nnm4vy0q5jaqd48867,114674,8,0
E7D,ENTANGLED Labs,pool1sj3gnahsms73uxxu43rgwczdw596en7dtsfcqf6297vzgcedquv,115202,10,3
MZS,Monozeros Staking,pool1glll6eskvg5f4jcep5trqcgqa8zpekfv8d8a6jrprvcwum6u5jn,118911,3,0
ART,Blockchain ART Pool,pool1rhq7qyw4y2s80gstyevm6rhz2lsdsrcstawunxx5eld8csvuvlu,119871,3,1
PSP,Prime Stake Pool,pool1w2duw0lk7lxjpfqjguxvtp0znhaqf8l2yvzcfd72l8fuk0h77gy,121208,13,2
ADAES,Spanish Stake Pool,pool1yz3fnqnsqhqpkc2tjqn4dkws8nnr8a5kcs50g780nh0wk8tgnp2,122715,8,0
SWARM,Community driven grassroot network of visionairs,pool1us8dkk3y8j00qq5kscxxklyzwt74jgav226s2rtgaqxek7h8vc8,125669,16,3
CBROS,Coudre Bros,pool1wntxmftndrsj7y4aqles8knl3nfuyj22l83jun02yyx9s962gm3,126005,9,1
FPOOL,FrogePool by FrogeWorld,pool13zdrhek6m4n947grhrm0772zt09lrm2vzkffsla25e7yq6xqjkg,127740,7,0
CDNC,CDN Cardano,pool1yff3j4xqhmunrccjsdh0u9qxrws7xdqhagjx5lqktklwj67u5s3,131290,6,1
YUZUP,Yuzuppy-BCG StakePool,pool1wccveh5l4gvns7egngqdd4qk27w0kxqc68jjrnnkgjxz6zwt7ws,136134,12,0
DOD,MIDNIGHT DRAGONS,pool1pv4hhvy8dkvllr706q0lpyu9py6lcf6zddl4wlynwx3cglxajmg,139402,6,1
STKPL,Steekpoel,pool1t93hrmha847r5gqazttyg29c9fxfv778w3kc5vf4q7vu5g4ec0r,140371,4,1
YORK,Free York,pool1n2j7zmw69gf3weqp3wae234p3lykjks49c84mleqgmnmg4jht3y,140409,5,2
ARTMS,Artemis Stakepool,pool194lhpd5e6a8n8n0zce5hg9f5279pqecd86yl0ytf8nztk2x9unv,143471,20,2
SAFE,🔒{SAFE}STAK,pool1wjsshqjpl3n6zlscnfvyy9gxklkav2dvfyprfye6l0kewyvv6yj,145236,16,7
DAI,Design an individual,pool1r6dzsz6ju52hgelstefrrel4y8fsyt8ck9qgfvvmamgns4vh7w4,146860,8,0
BOLT,FragMint.gg: The Spatial Gaming Club,pool1jpezycd8q3l6a255dv8wt7vpt4aay8llqakdn7vkum5swes4hu3,153240,10,2
ZOE,ZOEPOOL,pool1n5shd9xdt4s2gm27fxcnuejaqhhmpepn6chw2c82kqnuzdtpsem,153436,21,2
XRAY8,XRAY | Network,pool16erldmmx5nvrwncujtp6lxs9tmvgxcpthd600pe6axm5z3p6522,155176,8,1
UK1,UK pool,pool1sx4e8rvx2xdxgkww2fpjtmvrnaftfrtfge29xcn72hh7kch5snf,155427,8,2
TPOOL,TricahuePool,pool1wrjg8fts9cus0eq8jyf5wqsfe64e8tvrquxgff3tyze4qal4hwq,157234,6,1
NUFIC,Nu.Fi & AdaLite C,pool1chtam5czevzk2ttctvltpsc8twlwf6zzyh7kj3jkz72gks975sn,160564,223,3
PMW,PMWare_Pool,pool1p627hhec2ha6wu6ql377c3hv4mjd26w7ll0xyw2ezgnu6nyl0a4,162641,54,5
300,300,pool1v8gvy6tjp8x8wg5h4jw20p9up04lxgw0l0lgery9mz4h7h9x25n,165894,8,3
WISH,Wish Pool,pool1fk7lk6x7j6jkxuvl0het8nmunra4g7370mw29f286dv9ylegutq,166568,14,2
MRBEE,🍄 Mushrooms & Bees 🐝,pool1zdl39pvapcaj5um8nyduaq2vmn64dqwz4qlhnzurnca8zetk74s,172474,5,1
0AKN0,Arkano Pool,pool12pk63q22re4up2dg86tyjwthuauqu0ryq3jlxs9v29zk68cpugl,173596,19,5
HNB1,HANABI stake pool,pool1nyh6jcznks8wvlek7r7rlvg9hfchfqqyvup39ugkmr6kghrl0as,177271,12,0
SPRO,Sprout Pool,pool155x3l57d4xu52t93f9r55cqaysej4pc2dl3jkc9d6w5ckyu6u7n,179817,16,0
_Q_,Q - Multiowners,pool1n5ytegzw3enscfw4t8wsjytrz228agvm9c3xaarce7pgjzftdtx,181283,6,1
H3ART,H3ART POOL,pool12d3th585ga2w593eu5zqnkahsnlczjpqxemjc0qhku7awnhvn8a,182537,7,1
USA,United States of ADA,pool1wyu23ahrnql8hc0y5jx00y2evnmw05d2rxnyqlgqq4lxs93q7ue,184089,11,1
ACP,AndrejCardanoPool,pool1wdrg5vtv3nrh0mqmfua5qmj5p3zchzay2cz80jwfxxwrx7gp402,188868,3,2
RXR,RockX Ruby,pool1luyjjta9jja0nvh4wzqt4jvtesrlt893dj4c7x533dvfq9zshvp,189030,6,0
AVOC,Avocado Pool 🥑 by Numic,pool1th6xh9uks6rywerld5aya0gc3yswwrx3yus9zvehyqaky5c6utd,194223,8,2
AUTO,AutoStake III,pool194usk2h8vcq6yw89xs5asrvw22g08kcfy72xyfrnnkg6qrhtlfw,194692,11,3
STAYK,Stayk Pool,pool1l4synes9s3swlf5r5rsfpede3582r4km2wd94xctceyaudv9zx3,196671,21,2
ADAIM,ADAImpulse,pool1q6lzp5x6tqg04chsxakupgq6x829nsx2dk5w8h043fnajm8d3uj,198363,10,1
ERA,Nova Era Pool,pool1zvm45jj5wz6kgfr2xfg75rx0auzxaedu4ulddhnrzk4uwuyuvpn,198871,16,1
1PCT1,1 Percent Pool #1 (v3),pool1zmtm8yef7725p9n7x433m50kvv9xpzjujnny9m5t960g5qm30ua,201082,8,1
VLHLA,VALHALLA,pool19xyfanyp28j6j07dxgwdjp0wur6seqmyyu64qgzstzl7s47pvpj,203086,7,1
BLUE,Blueskystaking 0PCT Pool,pool1692dxqqcsavymwz28w44t2jhyjnakvj4l3gwz2dqrarmc2k6dkh,203498,15,3
BLOX,Adablox,pool13q9w8c2namcec725euu7pfjnzz2fj9h5k2wjtafysnwnqdcrwg7,214558,8,2
BREAD,Stake Pool Bread,pool10ldeq0mccp8t4gfmvfkwmfcvh2pvz44hj2hmewfpk9udjxug58y,214670,10,0
1PCT5,1 Percent Pool #5 (v3),pool15xgej4c7ns20y5pt7dc5vq6yj87ss5sl2ffucmh5j766j90ppur,217055,8,1
RENEW,RenewPool,pool12kdg7dmdfh0t9hmy43pvl38ftu5dvppyn86wgkc4jq8557xkyz7,220577,8,3
WINTR,Cardano Pool: WINTR,pool1njs7jzx60aht6ws459434lsx37gfmqahwr0uu4y00dd3wwnggym,222036,10,0
1PCT,1 Percent Pool (v2),pool1qdjx5xeeu6288ftmhmdr0c6mazkua7m07cydmr78ymfhz7jj7g4,222444,14,3
MOCHI,Mochi,pool1ferfwtmcjm9rxc00ugtdwrm9m042jf4xjvse6a8u5smxqt0pwnx,222982,18,2
ECO,ECO Pool Two,pool1qm06f4n2hwgeqzm9lsc3rdyqcsvtt2d7z76carwxjv0e274mu24,225232,9,0
HAMDA,Hamster Stake Pool,pool1hvevy8qu5lwg7ul66xmzvwv8zwdgdradsg9ncvrflm7dvy407e0,227987,23,6
ORPH,Orpheus AntPool,pool1lxhlu48gq0606mj6k20mh56zz804zf7narxvmty4pd3mgee65e5,228041,13,4
SIMBA,Simba Pool,pool1pdqcefsvu9mqxfalj5dywcfyymtpqpjqhlnxl99ds62pxv5ungm,229058,2,0
KIBI,KibiStakePool,pool1wdzyy2lwc8rd5y9vxwkyxpv62dsa270jepjgy9fa3zpqgeuszun,230565,2,0
TSUNA,TSUNAGI Infrastructure,pool1hnmcevsa69k88nh4d6ud5qyykwmgzrg6crju79zsv2uu65mkgr8,232902,3,2
ANZ,Australia New Zealand Pool,pool154sjkrwdu80wp6mnjvkwk55aj53l4v37z4zwulfak74vcxg60x0,237631,14,0
RISE,RISE,pool1re8cmjt895tpx8dx2veg0cew5yqtxnt82sll03e433a4ugnh9w7,238813,6,3
NETA2,anetaBTC - Pool 2,pool15hx9hze8ulcsw6e7ceelz2pem2g3u9c29wqe4eszkhspj3wcdlx,239248,20,4
DMOON,Dented Moon,pool1wxpzjtfr79pdfs6m6vg6xmcqjh79ff9d6sgzfdpvs2q26swahew,243190,8,2
FGPX,Fast G Pool,pool1quj6cp7w4tarq7hrcdsjxlgcmnunm2xvnpvmj20l9nplue6rjxx,243469,15,1
SLR,So Litty Records,pool19n5ml38q5uedy8kgwwwtlsa3p9tmfcef0lfjp42k7j9d5mpgs2m,250962,7,1
PDT1,Pacific Digital Technologies,pool137cuaqqktk0rhh3a9zj4rchr75qm07pgzgekprle5qyq2xk2nzq,251882,10,3
HIST,HISTAKE POOL,pool1gqk5pzqmrc9c6030m5sj2s3560ymm5ymq3hqjmz6vfdmx4mw5gs,266693,19,4
SIGN,Signature Staking,pool1h0prd5vcdv6uk7hglztdcqfp5czjqxdydxkxkdhg8rrk22mr4ym,268002,28,5
CCJ5,CCJ5,pool107attaqquuq5ne2ch0hx0qcnlkzzr2683s4gml4ywnqvgj6pak9,268132,16,6
TOBA,Toba Mint,pool1ut39vczq4h03vpzfcn7ssxa04qzkyj8nxu4nq4rfv0nsxz39c5y,268991,13,4
KROM,DeKrom Stake Pool,pool14hsxa2zfwzvy9ncdjwnx0xkcltjmdydeayxfju7suuuewv0dnke,270984,12,0
LOGIC,Logical Mechanism,pool1q7k8mmnvsgthp94hpn8jrnacjewplvywq70eef90fv4nu7gedzp,271016,13,2
KAWAN,Kawanua,pool1grz62pdyyakffeymsjxpkz4x9382y3zhfa8zu28tk2fpqxm6p5l,273924,25,3
EUSKL,EUSKL POOL,pool1ksfzungz56vxa9sy6hr54v5hf6qx8rmcu6734gqm3qlxucveed6,278407,15,3
BIRTH,Larissa.Health,pool10c9l3k0z50ytt4krkfet7w3gwpv9d9nq47kk9ecy2c5f2uyvkgk,279961,16,4
KNGHT,Knights of Cardano,pool1g8w64u3sx9mrvhwrdfvysw4g4wnffkjfp5zds3ur6svwzdhwhx9,280186,29,0
BOATS,Harbor Stake Pool,pool14f0uj8vghxzs09p3rzvhlur0dnfwylxc67whaz087srtjjrcjgd,282472,25,3
ANFRA,"ANFRA, The antifragile Pool",pool1qpuzf5kcxrmuf6qg2nnu9cs7hj2d6ke3fwz58l7rlefcy50caaa,289214,25,5
ARRK,ARRK POOL,pool18mgmqghey8az6duffc6e9tpzwxsquf00wpkl0jr8gvqxumkg4m0,292549,16,7
OLEUM,The OLEUM Stakepool,pool1gqf605yxhmyfasdjhf8yxcesztgzuek9gfuvy2dnyj5cyp8zga3,295608,13,1
HASH,Hash Valley,pool1kjd9ff9u5ytq4atavv2dfsg3pvxqw8d50642pzmpn386zel0ka8,296089,27,3
MIDFI,MiDeFi,pool1yuq5ck8d6fssa3ju004wn9nap3ll06hd60a6tau4ptj8sqhtgsn,296471,7,0
DAPP,Dapp Central Stake Pool,pool12m0v0myprg2nfvlymzaghvjrzhnlzkh2psn3sur2nhkj5wpkdmh,299539,19,6
FALCO,Falcon Cardano Stakepool,pool12r08n33avu33ncstukwxyr440mgaazmuclay38v0yt34xytu2dq,301430,14,1
PASTA,Pasta Pool,pool1442wwr8zzdpcu8uwnglackzr3u5ggrmfxsjja0s7aef66hk2fuc,301453,13,3
FLUX,flux,pool1sghwg652uwe7ksmk5laxxft58j6km6prahvnddk3s6zgxek5qen,301697,13,1
BANAN,BananaBit Pool,pool16wt6mzvytu9key68efv7cx6zfkqn0d9kzlnt746cyuv0zj3nxh8,303036,17,3
DOTAR,Dotare,pool10n23qyec2zcetv0e3x7fdjydscsrlet5sph2hgtfc7x5ze56jqn,304238,37,8
SRN,ADASRN,pool1esd3cqme3zzvvdnsx3p6ywudn6p86mqyz7fpvqpegxv2qzmtes0,307534,16,2
ADNT,Adanaut Stake Pool,pool17y0uw9jraxxtqk4mhgkhkye2v6jqzn84u8hl68l9xwq3cvm2vqw,307565,20,6
LBP,Lao Bai Pool(LBP)老白-0% fee,pool1hlu9mdmcf0m9mqkq7apxsyalhd2nr07rqyhh8mgra3wzkva2d3p,314356,18,3
NIANO,Cardaniano - Criptoniano Stakepool,pool1ywwtv7clgpjs88ysgpcntc6gemlrsy4037eulquswmtlv55cuzx,318094,21,4
BRIAN,BRI₳N,pool1qn77pnnf6cf22qjjfd2kadudmdc77rw0uxked3m2arnn2ea2f9v,320216,17,4
1PCT9,1 Percent Pool #9 (v2),pool1yl76e0fhq0kcfy2jqs2mt6hl9xeyrnesehqp0p4s896lwv7hrta,333634,26,1
0BoB,BankOnBlocks,pool13wtywenpwvg5snncx5zvxevvry85cp3c9nq0xlxlck9l7qh2spx,335046,12,2
BANC,banC StakePool,pool1umflj8hjq873fs9r6aq2zvgs88zrs5xjswn2znkdaehlz2eqy59,335621,20,2
TOSHZ,Toshz Stake Pool,pool1huyzkfxwnttj7r4530hv7gc5v6mzk75vuzysc75aemu85mae9vd,340461,19,2
XSEC,XSEC Cardano ADA Pool,pool143x8nhnr3j9mpzvhayuaen0y8l350guj6yd8mhmhhuupvuah3hh,343616,11,0
1PCT7,1 Percent Pool #7 (v2),pool18zn7wa345uytjgds9hypn3jugnzqtfm4cny7anskkcmgwwxtwca,344143,13,3
MATE,🧉  Mateada Club  🧉,pool10xmmn972gyza7nj8q4cyy0vrpn6kqzmdz2ut7ynnc8d0ycxlvw3,344311,12,0
DUBAI,Empowering Cardano's Future in UAE,pool1xxvcz8dem4xufzn74v2y7fs709mfw3tpq963thzg5en5jrkv67a,346180,19,2
NICE,NICE rewards for you,pool1zeya2r53sxmqh2ux3ssfsrqerergnw2hjxmp63r83ntwverpqwm,349894,15,5
SRP,Smile Rose Pool,pool107qfdeg9wlpt9yntg7650kzval6ahl696jr2ca20763ukzr0tzw,350226,24,3
MOST,MOStaking,pool1fd8qnudvhz2hanlccdsfrwdxmmwwfryalrmy6a6y62cgqfx3ujz,353449,17,4
DOW,DOW Pool,pool1kdfznpenxa9wwcz8tweump45k5h78h8hl4slv78fdypsug9ypc6,354608,23,1
TEN,CARDANO STAKEPOOL TAIWAN | 台灣 ADA 權益池,pool1upx7l0yrsxt4l94t5xfckahj6m7pt5dpmnx6u60sjxmn5p5mezs,360016,26,4
ACL,A CardanoLand pool ACL,pool1tah22gjtc7ntrdezv49hysegcwpzafea35t6f4hn3wr2y4hz3vz,370026,30,7
NOOPS,Noops Pool,pool12u28yewx8ycf6dj77lzpj6vvhjwp6veh6kxpc63h8fqnqqtlwmu,376190,8,0
ADAAT,adapool.at,pool1kxtzkv3ylyc48hgjqkwe93q2vkx67vgzag9tvqfalhwsjs43w9u,377242,27,9
RELY,Reliable Staking,pool1e8vr85ank99g6fx2r7tjel2mh2jyfppnqy6nmp8vr0arys65n05,377463,19,3
CHUB,cardanohub.net stake pool,pool1stvux7an3kp2p55na0p7eec2e7l66gqcpuc7yu9cx5242g4j2eh,377607,25,5
WOLV,WolverinePool,pool1p2ldp00jsl5l9xpg9m77zavhqmw7amtg5nlf0jwudlu2zaq389s,378713,22,3
MAYZ,MAYZ,pool1r8lmsrdure385hz647kl2qjhyyxkdle4au5krjcsqed4x8227k3,380030,25,3
CHG,Change,pool1h40xjqda9wmw9cff5jss3ww9npujkhlvg6xjy9l5ujsu5rqlw28,380503,21,6
PEACE,PEACEpool Cardano ecosystem developers,pool1h5jtxde8j86qrnqzj32ugn480u7gw5xw8wqy5d227rl3vfg58qz,387102,3,0
OCEA6,ADA Ocean Six,pool1ffrre548h22n68ln29xph3qezrag3z8ad0kg8yzu6epds3qr58k,396358,32,3
JOKER,JOKER,pool1fr8ug253hlv0pt4sxu3w20r03pnpkh2wpedegp55t8nsx28rkma,397625,18,2
ADAR,ADA Rewards,pool17r3u34ywld6sehe9dd5t40ygq7rmc6yfw2k0h0hpllznwlmwsnn,407437,13,1
CSPHD,Premium ADA Stake Pool,pool1fcgm2ae0j3rmvghwa2064rfxcvugwa2qt89cc4jwtj0ecgh8na8,407533,25,2
K9K,Chicago Public Pool,pool1dj4l8qma9zzqqzhsawdkvxrs7qyqyv70kn56ywdqqazscvcqvva,407938,18,2
LUM,Luminapool,pool1kkmk9dnzrrjtnsejttydecmq63x4dpkln70yfledaednj7mf7rk,411305,23,3
SNIPE,SNIPE,pool1hc8y5s28zah72qsnnky93zxqcqcrvav7hz2l3sdj5gk5znztcty,411733,11,1
ADACT,ADA Capital•🌍ADACT•👽CardanoBI•⚡Orcfax•ADA•METERA,pool1y24nj4qdkg35nvvnfawukauggsxrxuy74876cplmxsee29w5axc,412232,29,5
ANVIL,anvil,pool1n3sjq3qvu5vvcd6aud6ndcwq7r3ghmkafcg60gznlwfrk2ucxku,415144,22,2
SHUA,SHUA Stake Pool,pool1zga7fc8swn5l4rha04ddq07m2rc8rh9vxqmc56j4k2l2xy4lw22,416185,29,6
STEAK,Steak Pool,pool1sks9qwpygf9vmgeuh4n4a3s36k35c3qnz7pd4qqvw5825x62y3y,424989,10,4
COFFR,Jolly Roger's COFFR,pool1v5g4rmkk0394q6swgfusgzjjzrv9ajy8qntgpuumegka5xhpgam,429297,27,2
TDOT,TDOT Staking,pool13qe6ycacqjg3gpvjewg8734d6hs6rhduuenjtnnkwh327hmtyz5,429976,15,2
XORN,XOR NAND,pool1dgmuwu0txducah4pes4e2avlcv98wedml33kdz7ujtrrxk8xv9y,431053,12,2
1PCT2,1 Percent Pool #2 (v2),pool1w4am4s9w4gkt8r0245km62vtnnv9hhq6j68exzh2pyaxxfaq0gc,431365,27,7
AND,Andamio Pool,pool143nv3macakarny2hvg67gg00q5j2kdg6yfvcmefqmea3vnj0nex,442765,9,2
FLUID,FLUID pool,pool18rpw5dwfywfrzjuy7uzn2cetrw9v85aan8a80p3fdvtqcxykkqu,450413,22,2
4WARD,ADA for Warriors,pool1kcrr7re05pwesye0zh00a4xxnsrw5c29rd82fn4qecdcqu5rue3,453368,29,5
0FEES,Zero Fees,pool16x5fslqfvgmsyra4vmpvuzq7p5fzeln240envdwfm2jps0j3rw2,464524,12,3
BRNS,Bardels Pool,pool1qsxhnvr03tg6jj7cl0y74jd63n85fgejm8tlqq7ct7fexfygkye,465490,35,9
AION,Aion,pool157e2zadjusu6esf9mmx37nf63ep2gazdeln5mh04ylpcvz59g5c,467407,19,1
VOLCY,VOLCY 🦁 Infrastructure Multi-Chain Veteran 🦁,pool1u0u2s080a5plun4acn6s70xa3q98ct7skt88l7w6nnwwyl9ecym,474765,35,6
MUGGY,ADA's Digital GrandParent,pool1gpz25s2aasmqnh9tg8a2rxmyxuvmj5s779htxk295e9ajnzjflc,477646,81,3
SOLPI,SolPi - Solar powered Pi,pool1sfuspqv9gyqn65vwu6e27dp6ju7gmqmgsnasqp6zxp6qqlzlpfe,482567,14,3
WWW,WWW ADA POOL,pool1zc5l0d0j9d0969z7ssphjdq7rfexhnhrfdp2e88sv05ujlaxfk3,484552,31,1
YOOU,yoourada,pool1gyrvar6gwyad7u2rsryeg49dgqtsp99k4903knwj5eq9qmu5jlj,488368,16,5
BKV,bkvpool.com | Single SPO,pool19zhl50qqzpfvvhdytqg6qx0cthummjyunfyvkfqx9uxrsp7k8ek,498537,26,5
FREE1,Cardano FREE stake pool,pool12f2r9xf4wvht030xwjhpjvy5yptr275qr2qcydnx57jkxyfzz2w,507104,19,3
JUST,JustStaking.com,pool1dcjycc5mvj9svh9ys482078mnqutu48k3zj7uqzswj7m54a7hzr,514056,14,4
OYAJI,Oyaji Stake Pool,pool1ralkckmup253k79hap4chku450qyshezh4sasjqh0ltxu2gytlq,518223,22,3
SABAI,SABAI 😎 Relaxing Stakepool,pool1s0kkragd8r2xyyms680l9eed443v3eufmarykpjfh2r6cpksm2j,523959,37,4
CHAIN,ChainIndexChat,pool1aawkmkg7vg0x0vxaqh4gr0lwp4fekwsqrjduylx0et3tuz9hfn4,528056,24,2
1PCT5,1 Percent Pool #5 (v2),pool1ayfjmnrv5vg6tfducvysn360re6qfwuv2rhc4ph6jk33ztuxlhq,530227,24,4
XPPX,Prophet,pool126f65lklaqw39jgx9wl8klqtx99evewxk0x5yc2jzzp5wfs8fde,538157,29,3
LIX,Felix Pham,pool1jqw9cv37w0eewvdr36w2kacd2w9wh5uwm2y3vmc0fmdfc0ax26l,540203,27,7
SAMON,SAMON Pool,pool12ndf7w5f4fdn746s5zlay4aexvcsjncnnmjwfp8falascjqav3y,542203,32,3
SUGAR,Sugar Stake Pool,pool1tjr4zpndkvwkw3du3fvt59f5men6jhuevt7rpx6xw0wcct5kl04,542996,43,8
KIBA,The Kibatsu Club Stake Pool,pool1w2alpqttaulpukcrz0j902kk8wmq68q9qm50c6npaypk7yypy5a,548745,23,6
FLAIR,FlairStaking,pool1lyvg6ukqpumsr6wz0jvh7xutcgdtcyyde4wkvptzyl8rql4n3c6,553281,17,0
CCDO,Chicago Cardano,pool1p693mkpyjphqedgje9sx5k8dzaqsusmw99vh26gd8aszjzkajt4,554558,16,5
CLUB,Cardano Club,pool144m894gswuy3se407ma5870nkaw5ylykrak73gf4kpepj50ulfa,556830,38,4
INDIA,INDIA Stake Pool,pool15wppycnx4mgq5nmwg4eyzj4pg5wazhyml48wsy0jskunsqq69gh,559582,26,8
CZBE1,ADACZECH,pool1ytyw34lckr8k9dhn59h287wqry5lk6waqtfhxe6v94v4gsaa7vx,561437,34,6
FGMTH,Figment 18,pool1lfxjjg2fmaea3dnvu6wpxylrtrzq0pkgjutjesuzwem4xymtqaj,561721,238,2
1PCT2,1 Percent Pool #2 (v3),pool1258yqnsegc3k7raqcdkxu4893aqexxljflmg9g96yfha2qytayv,563238,47,7
lido,Lido Nation,pool1kks6sgxvx7p6fe3hhnne68xzwa9jg8qgy50yt3w3lrelvns7390,565662,112,3
DRMZ,Dream Cardano,pool16utp8esfwwpwf4fzlvtulugtdj9mapt42gdwza962pk8q2f45yt,575191,26,4
BBO,Tre Viet - Bamboo Pool,pool1y89sy2e927hvvt66wnukx5xnnrarzxrt55eypttaw3n06u0uam4,591949,46,3
DIING,Diing Staking! 🛎,pool1vhzjtcrcyzy5ld05mj8edy5at37x4g7du8uvvss037h26h8s8z5,596539,32,5
BLNC,Balance,pool18l6lvx95vl5p88zfh7xjkx073s9gufpz4sa5q43fu7auqunjhg3,599330,28,7
MOBC,MOBC StakePool,pool1chzrvd7wzmw8ufsehctn8fmf7ca27xf7d6f5tpreat7kxx6hwf9,608125,41,7
DRED📡,DRED Stake Pool 📡,pool1ht35ft8az9k9u7gnc2yut7usj96he5mqngthunyf2kmnsl2kmed,609747,37,4
HUNNY,HUNNY pool🍯,pool1la0t0gsskwejyfca5lchw5aqd5g8hknxdu6tuyqp0ttjxl6zt35,609801,29,6
LIVIN,LivingInn Stake Pool,pool1z4f2vmmwckcm6c4fmhn3vmymhsg8gjukx5905g54hlhqs9kaht9,610969,24,6
LOVE2,Love2Stake: 0.00% Fee & 100% Rewards,pool1vkngxunyagwen690yn36pa2v6jecyxgeavl9nva9dwzhu22fzt7,615390,24,0
ENVY,ENVY Stake Pool,pool1zn4wnk52kmfjy9mw4z85p6wn9kzrn94l9h5gys8r2k2w57mdnhh,636160,22,6
5CH,5ch Pool,pool18q7axjzcrs7pd2vpmcgh33p0r5cng2q0v6ldw5vtwuhl6ctgmeg,650845,32,0
ALoop,AdaLoop,pool199a44nvtjr0c5xlanz4p5c0nywu8l6k5hz3t2he0hq7wvljnsrt,651070,65,15
PET♥,PetLoverStake,pool1mrxg6svcug7mc459ce5zum4qd6p0hkfc08jzpphxfnxzz8yf7ll,662536,43,6
JANUS,Janus Stake Pool,pool1h8fnr4vlfcv9l4jlv9epalghy3zgjpye4wv85c4rafpvvfztsk7,662951,33,7
ALPEN,ALPEN Pool for Development,pool1xnaxushl47aeha3mr3uwnxcfkvzj0um6c4zxdr064d3y68z646c,664106,37,7
EGGS,St₳ke and EGGS Stakepool,pool1g0hsnjnt0du3kp33gjua3npncngr3yg4ak2zfdhd4zvmy6r8hyd,668994,37,4
YKSB,YakisobaPool,pool1pn36hexudnjg6uwvxc5tld3ay2g6ty99ardzhn7crhkhzshjpte,674167,35,7
1PCT6,1 Percent Pool #6 (v2),pool18mege8wvzzdvh8cxx6ncnqyvacl4lxukw495c87xmz8qcdl6lj8,678711,43,7
OCEA7,ADA Ocean Seven,pool1xaudqyen24fz02vhu9qa2ry44suzfk8z3lh7sc6qx7c3gpweww2,679530,27,4
NSPYR,NSPYR POOL,pool1gha260s6hx855p49fc735w78p0kcp4hyxl8glymp5k5muk9jkgm,681836,19,4
COAST,Gold Coast 🥇,pool1qqqq58jy30weq2an3px3maljdmawcwh6ml4hr8m9euq9z2n7wyz,688321,37,4
DOLCA,DOLCA Stake Pool,pool12584mjtgz3fhgpx823qht56gycnfnezg6aqqthazv4qdxkd5c46,688625,39,8
AARD,Aardvark,pool1nwcu3al5vfm7t3dtvyuu4hlmlvezd05c5v386q90hlptks4mqw3,708340,44,11
GRADA,Gratis ADA,pool1gf8a46j6hvhad8e48hez4084x34snpua8k7t3kzy9w42q6w60z8,709766,39,6
VICIS,VICISpool,pool13zq5jktx7xmngfer82nkrs8aqjklmydntxdqzttas328yuttgx6,710216,43,8
EU01,StakePool247,pool1wm5quxelvgk8q50jyfznf9asvelp9zf0tk2wu4jazlw9yj4uctw,733974,44,8
BSSP2,Black Star Stake Pool 2,pool1gx6eawfvnhckevmlzhfz9j3uzj92j2wgww0mdd2fu5d4zd4wvaa,736092,41,0
LvLUp,Level Up!,pool1j8355yxxpfuhqyda4lrj8c9cdghaang3wvwge8jq8nlxurvfqv7,739252,46,11
XAT1,Xat Stake Pool,pool1azwytj96wpa7hqmj5adks6tpw7rhnwdqpf9hkgyy0mwdxxzxz9w,743864,35,4
ADD,ADA doch_doch,pool1a44zldps27avv82mamm2lj33mrrkqdzt39nyrgn5dkk3jtm0wrp,745890,30,6
GOOF,Goofinator Pool,pool1gslrt6mmljsqkzft6nd0q7w7g2fyhxpxx6sj4ff68x22kwx6unm,752257,67,8
FUND3,Cardanode: 0.00% Margin Fee Staking,pool17wsk3ww9asev7kfk9ktfw2cxcq865jq2l796aue66xldwx6cy82,754898,7,1
ZPCT,Midnight! ✅ · 0% Fees! ✅,pool16p8y0pzx8yx7vz6eqksw9xjhh3tzeymvxcstrgtk8ncw75356yw,757482,41,9
CHIEN,Charly&Aliens Alliance,pool180fejev4xgwe2y53ky0pxvgxr3wcvkweu6feq5mdljfzcsmtg6u,758985,68,11
PREEB,PREEB,pool19peeq2czwunkwe3s70yuvwpsrqcyndlqnxvt67usz98px57z7fk,759052,62,15
CHEAP,CheapStaking #2 - PublicPrivate,pool1uu35qfkmjyxwpm3pgptfgr0qga9j2fzkc0tsjplcx840x295xj9,761715,60,15
SVRN,Commercial Sovereignty Restoration,pool12pvaxxcv3sgad5jqgfnggn337y76kp02uauptkufjjjes7nxwfm,765851,35,3
PALMA,🌴 PALMA Staking Pool,pool1khyv2zj3asyhz76a4r2ky42sdxn3gqu3lcyw3sj74trmwhlc5ud,767513,43,13
JITSU,Jitsu Stake Pool,pool1jkxwcqkaaacvd77rf9lrj3qsgvtktqh7cglu3awsy34h5eava4d,767789,31,8
BEADA,BEADA Cardano stakepool,pool14qpadfdjzw6jkwxy67uhey6tjpyppsmwgz5awfsxwrtpsecslpc,770573,59,9
NAPPY,NAPPY Pool,pool1w9hdxd0ydy7qrtxe2lceg80mpsyamwnaqyvu2v0yngj4cfkfu2t,775533,47,11
STAKE,🌍 PLANETSTAKE 2,pool1lr5ku0p3jhykdf3a2kcr0tyra30qvzrtl02dr6uyv98rxdsy3k9,778706,57,11
IAGL2,Iagon liquidity stake pool 2,pool1e59h5m5vyggszyafel7zvcnsayt2de7wyxyezlrsmm4a679q3zr,786260,41,6
CANDY,CANDY POOL,pool1nchr83fc0hrykvhlnh64n3wlt5vkdu727xjep59znrwzs589jdd,801081,28,4
KAP,Kobe ADA Pool,pool12pwp8hln0cjsxv0h2a0463qsakkhwetfhyqw7vzmpwd2jdj86n6,827954,45,8
HEPHY,Hephaestus Stake Pool,pool17n47upcpnzsdks0yd409nf79sg6hqy73twg87eddwh24uj745rt,829013,41,11
FRCA🍁,0% Fees! Canadian Pool 🇨🇦,pool1ft6jvmft8tg3lwzg6wfsprlex3ncuq5cnckwycavqk5q63jhrhv,838816,45,8
TEXAN,Texan_Stakes,pool1n500map6vvxwkxnrw5m9vgmjqrmtaxuuxkgqvzz7699c7qc550v,860238,43,12
MOON1,MOON1 Stake Pool powered by lunarpool.io,pool1sffl322qgsrsmkcedzzwk05396dkmj56pcepqvj6px3n2re3qu4,866094,57,10
ZUND,Zunder,pool1a2ffl2d20yransp2p4hqys5vy6hys8kmtchdvlfqale7ywxssjh,869460,35,7
GRC1,Grc1Pool,pool1kv53mzjwqjp4aw48rczj8vm6hejwfnfwa634czyx5tw5qq3tata,869974,26,6
COINZ,ADA Coinz,pool1jxv3my3c70e8pfr0cgm6esatehey2ml3v0qk8x236aw32eu0fcy,872062,39,7
VRIJ,Vrijstaat,pool14dswwngc8j92uek927jced2lfc7c4pa4ss9gry9nu9rhkc7a055,884060,33,5
AY1,AdaYield Stake Pool,pool1mdyuct0kgd0hcjjnea999me5dxqpepr4y8du4smegfm3vlr37w5,887710,51,7
EVOC,Evochro.me,pool17gfj5t240hqaqr7vtrlrlhmyazw3lcyqvfd06v4kpxv7qxpdzau,900470,40,13
KURD,Kurdopia Pool,pool1l8myd66tqjk75kh7uk9k8nyl20sd4qs33s4tzzn927ujyl7ahyk,911752,53,8
LAPO,Laponia,pool13daql23lkcwwj0gsz0dnu9tu20pugpswfped3kp05ekxkgmcumt,919527,51,4
FRADA,ADA Made in France,pool1yd67lvc04eztwrpnefqh3g4dsydmezwgrg6ce4km728v6sg8zwf,919534,86,9
GNP1,GrahamsNumberPlus1,pool1fv9f8phzn7hp623ypw6ctf73a98hd7nrh8wm7glpcuhf64856g2,935876,55,10
VFS,Virtual Flame Studios,pool1vqjyjsp6dawkj8tzmfpu39hvgnkph99qzarw4dll6yq76gpaa4d,936214,52,7
WISE,WISE-POOL,pool1p42f6kw9lkgw5tn77kqyrc22zrs4uq298p468gacwzw6gq0ckq2,946767,37,5
FUND2,Cardanode: 0.00% Fee and 100% Rewards Guaranteed,pool1lkcd3w5g6s6v3hf6kwt55dqpalrmq9h9f3ec033nnzhvgjgl860,947099,44,5
BUDDA,"Buddhism, Meditation & Mental Health",pool1p8yn95k4wgznc38ezckler84ufc6kxemmsvptv74r3g4zkxj24q,959874,55,14
🐈NNSP,🐈Nora Neko Stake Pool🌏,pool1qaxrj6n50naglqmzj5puq5sd0awgy9wnqmykpwmcah4vzhndpve,977007,44,11
GERO2,Gero Labs,pool12yscr8j3zs34ewxrwlk0p2w5uvgcnrzywpp78ddjsj8kxd530f9,986968,36,12
CARE4,CARDANO REPUBLIC - BY CRYPTO JEROME (FRANCE),pool1zfhww5y28t303z6uyq3w47pkhfmxww9dsn89vrxteplg2zjkekl,992684,52,9
WIRA,WIRA Pool,pool1lnk67xp7jsc2e3yyun3fpaqvkx0f3c8q0ml29ge85udeghn2gvn,996717,158,13
FGMTD,Figment 14,pool1vn0mxlvhm4l8pcft3jp5pxh4nhh89qevdg2xu6s6sdqvvs4ft28,1001492,70,10
FGMTE,Figment 15,pool1ah6f5h5xss3qcc5wv5smvkwsqrqz2v2v4u0pvmrrttzs6z52kx8,1001502,47,7
FGMTG,Figment 17,pool1w9u6rtvuzke9cq5q4x2r7g8xlt6lqmcd2tugzpjpj5w5xv0eyws,1002005,27,3
FGMTF,Figment 16,pool12582dmkl7xanxlmfnwd4fepmx4tt5kkw327mmklcjdxngwaxvh2,1002557,50,11
DEV,Development Stake Pool,pool1e2tl2w0x4puw0f7c04mznq4qz6kxjkwhvuvusgf2fgu7q4d6ghv,1005405,58,15
AZTEC,Aztec Staking,pool1yyv7vx5zhhsd60jp4tl72vpznwvpvjp35m4z7jr42ugkxmndyv5,1015684,43,6
FGMTC,Figment 12,pool1kf0c6a38vy9t7muc2jpfefdc0y6ey8386ujtn6rtly25y5yxwqf,1038889,40,5
NIGHT,Midnight,pool1lx7hdfz430vmrwhkrdgxu8c0xclffltavmkejpqzzz4ax0lnfvd,1041163,77,8
DYNO,Dyno Pool,pool1f6lnuxzw90mmd399nxqjvzyyxgmf4h3cp7j6pp5s7xmps86arct,1045509,103,13
XRAY5,XRAY | Network,pool1szy2tdjj8a4av365wk3q2fqg9srllmt0383e6v9p664ng076x9e,1049772,60,8
CAFE3,CardanoCafe Three,pool18ljuhhw27t85zddz0pvsmsjsz5k0mlz03pzsxgh8qarcsw5wycc,1086286,53,7
LAB44,Lab44 Stakepool,pool156wg3relgtlhwu55z3wpqurtaprguefe9tzrakhuqyyc60553au,1089995,52,6
POP3,POP3,pool1a600v0jd2z3yajazd80phln3exekumm7g56d9yvlrh6vx8dx2fc,1095507,191,15
AMINT,MaximumMint,pool1hfn7yuwfyhmmqe4qpaxfewuly7cnemc6kqkv5npytj9vcrskh6j,1128922,105,12
TAVN,TAVN Viet Nam Stake Pool,pool1pf6yhzdr9vpct5rc3dtwersl4lyuglp80l4jc67kf2qj29xjg2u,1134809,83,14
TTS17,the Token Square,pool127gdv243hfcrapslaqq0nnh64u2gts72gtrt4888g6g2z0zsu64,1138391,65,12
AQUA,AquaPoolADA,pool170028ak8q37qf4e5lf7z8eyuscgcrqgzn9lh58a4g9ngzd83a0h,1139328,70,11
CDMS,Cardanomateas,pool1n75mtv5qwzquyq2cprnu7yqpnyg4ppagpzvcw6gk2un5vadg48a,1146820,61,8
CCP,Crypto Colony Pool,pool1vwquf4wt465lhketcy2j7jwpz5l6l0ce6a79ga3y4wg7gc8egp0,1181101,55,10
JUNO,JUNO stake pool,pool1we0xjccr3vc4ypnmhzsgwp7sxpsytu8dtv0syeqmtrllvcex68q,1183949,83,9
ADALY,Adaly Stakepool,pool1hmtm4mukp5gs7fgrp0k997lveh4psq9qpeqa6ldugq9nsfcdxmp,1190411,45,7
HAWAK,The h₳w₳k Pool,pool15fxktqvd92sq8plh3rjdrksumt9p8rzsayfk4akv2hng5r8ukha,1199068,37,4
HYPE,HYPE STAKING,pool1980svf2cxnfy66s5jgjv7y22xud75z9kfe6n0c3y54s62w56435,1199391,60,10
STPZ1,STacking_PiZza,pool17gvd032slmxg267lp8rwcykkfa52txm8ylefhmdsdkytzugrtaw,1202754,71,15
888,888POOL.IO,pool1030as3pp5684ghgf4kzcpv4p2jnmkmme7j363t95690zwxp7wa0,1211209,73,15
NIZI🌈,Nizi Stake Pool 🌈,pool1e7mwu80pmsjqdf8lu7rsfdj5sldashslll0hpj7rhx3w6xpwkq7,1214256,84,15
4TUN8,4tun8,pool10wcmpvjmmv7ph7cz2263f52yckvnnwu5kdppwqgu74s2qhe7l7m,1218995,39,7
PSPJ,ProjectSupportPoolJapan,pool1568zhphxsnj5mfszwgta5zlvulu67g8f4jn6d3xs2tvas8ffu76,1220612,98,14
MANT,MANTIS POOL,pool12n6lycv28kjtkzecfz2a3uujyxy6ewuwjcmjq84my67psqmgagv,1229518,76,9
ASN,AdaStarNode,pool17ynruzy9lvq0x55ks22vtf4lrrdrw2ucydh4tfzhg9kkyeaw8nf,1235038,71,4
WOLF,AdaWolf 🐺,pool1qqqqx69ztfvd83rtafs3mk4lwanehrglmp2vwkjpaguecs2t4c2,1235046,71,10
TREK,stakeTREK.io,pool1cmqpzlsrrjup8zg6qaperz868u64dlt7uvvdszsr658mvzz9qq0,1235448,77,15
FUNON,Fun On the Ride - 0% Fees - Only 270 Fixed cost,pool1n940lfxkd7z73qzj5y554yrletrmgg5x2eya9tpglh3uwcqfnud,1236612,65,14
VICE,VICE 💚 CardanoWall.com,pool1pzqdfptvl5f8vh28az37jag2wkfmqz9x8d6eufl8y0z9q34hlr7,1241561,60,14
SIAM,Thai Stake Pool,pool1ddywudgudfaphp8txj9qf7alj3uk6wzyd22u7cd2myhyv3lyxxx,1248590,40,0
CBUS,[CBUS] - Cardano Pool - Cryptobus.FM,pool1khwvcz8jz9auk53k698ywgr6ams27hrz20vnwqx2d4xggscp93f,1255484,11,11
CRD,Cardan.io,pool1s2rj8t2a5tfv0rpsfak77g03h96uv3rqxp62t6jm3dh45g2e2pj,1259733,72,9
MDS,Medusa Development Support,pool1vc8jhqtwjrjwsfk6a0enx47hd2ufg98c34ta6lvl0zv0uhpech9,1261348,68,9
TW002,Trust Nodes,pool1qxpjz94fpwdwnltngf036yjkh63nrl55xkshug56aukqqwn6gsn,1271166,9,6
ROS,RingsOfStaking,pool1lakxjm7v0q03xddynffn6m2wfm27pms3z9enztwvu7k0297tcr7,1302025,73,13
SPEC,Spectrum Pool,pool1q7wrwstqkzhrffdzpw8ftfd4epmxywdjnp8384atjcnezchv242,1319902,84,13
PORTO,Porto Cripto Pool 🇧🇷 🇵🇹,pool1q8fqknvzyj9p4ezhxqdghlc7rnmwvwuku9eevgvl25cpjy385gg,1329018,62,8
ROMER,ROMER,pool1030vz0wxheg0dvarr8hmeavelpszmp52qucs68c7wc9uga6n6e4,1332181,61,2
POA,Proof of Africa - Enabling Web3 in Africa,pool1dqlgn7smehsnj5ztz8almy2036lfhrdjv79nmg9tmje0zzt620h,1346216,72,11
ELITE,02  ▫  Elite Stake Pool,pool1k6altfangsst2mmxg8a9wvg3dppyszu8ckfzd3uv6azgw3z2txy,1349168,70,7
CURRY,CurryOn Crypto,pool1jezf7dcx26edfpxmpuh05yen64a9cj44xm2ggsapcxrtqewfek2,1356013,76,9
SWIM2,The Swimming Pool,pool1l0pmgdsymmdntuyan4snj88q8nm9axemwefu5ymkuq2s6gr90cn,1360424,80,15
HIVE,HIVE,pool1mcvq2z34f9cfdmkd97famsh20ekqtndw246ny5e8ug3mxfdf4zq,1376325,89,12
FMS,FMS-stakepool,pool1upa4pa4qmcgaps4uactx9eas44rfwk9h0rxgua3l4xnf6wevfkt,1380906,74,19
AAATO,AAATO,pool1jmx55w5ydjkn4xd58gmr9xgt5t46ngs48aek779t92e7zcqfw97,1384918,83,8
BIO,Bio Pool,pool1vqm5n5d503uumuc89s5y4wuczrwe3tlgylt2u2uj7y276avr5pl,1397281,101,23
NETA1,anetaBTC - Pool 1,pool17h6slydr6rd9vquqa38p5cf9xqnpc24w6a99rhllcjzljgugx6x,1399894,59,14
KOALA,"Koala Pool stake, earn, & save Koalas コアラを救え",pool1jyutduy73e5u9877uns3k9rm0tf4r24j8lrn4xtkjpl3q5sn5mw,1404233,121,9
ADEN,Cardano ADEN Stake Pool,pool1u2lghnv4ae3zy73ysjlgvxwj7tuqpmyfavk74j48g0gnqnyc692,1404703,86,12
CHRTY,Charity pool,pool1qqenhz258k5k9nyjull6gkzg7s4f3ae8v7qxwpegeef9v0nsy3e,1431898,82,12
TYGAR,Tygar,pool1lrnyqdlrj97d0ju5j6d9xa8prw0xeyumfd53rz5wk3gf7czqzjz,1434874,103,16
KYBK,KayabukiStakePool,pool1etfxpqw7456eh337p7x5jsvxxa67fsduvnmucevrqweckex3nhl,1436793,149,0
BTCAO,Bitcão Stake Pool,pool128r8qqgl9zgy3ff4759a2qslyauu5takaec3nxx4a6mvj3ys8da,1443630,89,18
POOLS,cexplorer.io,pool1cduc7ut6grhqyavrmm3gzcdf4qfdsjk7vdwcxy9c0r5fyaxh2sq,1450483,78,14
MBCG,MBCG,pool19rjjay24ez2ezgqkyqvna6uwc5ur9lt489gwvrv7ve5exlcld3x,1461377,46,0
ADOPT,ADOPTion Stake Pool,pool1l5kwfudnqrhw3k4lwzcppu36nun9puvvr7xnanuz8a2zx4jaek5,1479548,98,18
PEPE,Cafe Pepe,pool1n4fq4gw6snzqjep3pylj8dc6aaa4xgn78gl58k360dqdw6a58g8,1486548,57,0
RABIT,Rabbithole,pool1n7s5kpymwd0zsld8q23tpf7z5esjaqwmnnzzssee5630zpx5ww0,1488060,80,14
YOADA,May the stake be with you !,pool1je2n5smmnyn3lh92xrp8nepjyfp596ypga6pmdecwtcrcj9uvec,1490366,85,13
LACE,Open Source Software Fund,pool1cpr59c88ps8499gtgegr3muhclr7dln35g9a3rqmv4dkxg9n3h8,1492024,66,14
TOPO⚡,TOPO⚡ Pool,pool1nhd907krga9dh69kf0jg4tl0764rravepy337gptvsknxyyx94k,1506436,97,13
BROCK,BROCK Pool,pool1phc0dedrry2jp2s2tqngcw87vzx3mychvm7qqe3470etzsf3ph7,1506514,90,23
HODLR,Mithril ▫ 0% fee,pool17am8pt0vu7zp8du7edlnz7x9sq4pln22rsn802gkr062vtp6fdp,1523317,14,5
THREE,THREE Pool,pool1hw3cgyx7tvxh2fpd46k9sqgruu5pfnzt4nxuyv2w7nlmusutda2,1533836,124,20
MONKY,consensusMonky Stakepool Germany,pool150hft90uw7tzr9uvj7tqkjp4u98a9hl20llj3n9ew76kkfm768r,1556843,86,7
APP,ADA Point Pool,pool1rj6apcqxcvavaxp22f75zs9upphena7ntsnut2efvq98g4404up,1558775,78,13
SOLCY,Solar Cyprus,pool13r4e7tttcxp4qfs4gqtv0hz5k48qdhhxrskz8pjrj6fqy5qmee0,1565574,85,0
AUSST,Aus Staker,pool1egunxfppwtglyu3t864uq76y0zu05s7pjda3e9g95nwlwc5ye2h,1593347,129,19
AID1,AIDpool1,pool1peayemzlkmcwn64c455mx8sxdaztq0xuv9hdxlp0kcsxz57up3z,1593775,187,11
LTES,Let Them Eat Stake,pool1sm2kmdn4f9rat3kl67y9drqcnnqc34zg4f4ufmnrfaj45gcv89d,1593869,37,0
MANGO,MANGO FARM,pool1ntwurms3f0j4kqe5wfpg9chlasylp0lmuw72m4fn66vnuyrvs8v,1594483,90,15
CAR,CarPool,pool1zwqrrwpr5zx7c3f4ukpu4r4fz5c2hkwx9vwqka5068urgqvpjzr,1599611,73,13
SAPIO,SAPIO Pool,pool1c0xj2fa97zuz4phld87atg6yphz3hju409fm5xgnwuuvqww25qj,1613170,99,19
1PCT3,1 Percent Pool #3 (v3),pool1dww6s8stvm7dl2n8740s3v5rnxmsuqcl8jcnu64g7cds5w29pft,1638924,113,16
KIWI,KIWI¹ by 🥝Kiwipool Staking,pool1jgwu8lq3dqddnnx7prymcgcyrqy0fdlghg33he2hmw9t2gma3zd,1639137,109,25
BONE,BONE pool,pool1j742gcsul7u8c05rsqmkgpkvj5qadj0pew69nctu6crqy9wjjn4,1645679,64,13
FIALA,Fialka,pool1sdvrd0sxh2mprqc3m9zmvrfccavzpz9r2uancg866hpec7nnt0s,1656276,72,6
FIXA,PoolFixAda,pool1nt65pu06tlggjeaer8862fdju98ddrrxa9wnw3k4lhfvgrrgt85,1692019,146,15
1PCT8,1 Percent Pool #8 (v2),pool1e4tjrl3ve7dcqwa70pexds6f8llk0txx09gm3r4m472ej4p6473,1697727,142,15
VENUS,Fresco Pool,pool1r8938r4ts8f4t8nsp9xl9dktzapt7f67jgpsp4wrju39xrdnaye,1708333,122,17
CSP,Capital Stake Pool - live long and prosper.,pool1dy7tz7eyf2qal2jcns4qwm4xqn34gc4rj9dz34kfs6zuju477k7,1718037,39,0
SAGAN,Sagan Stake Pool,pool18p7p752cjnf9z8g70ygkre5cstwmgfatzuqm0tm3n2xf739j8k8,1733636,95,16
CST,Cryptostake.com 🇨🇭🇺🇦,pool14ajz2t680q2c7tekek3eqazhnapfl3l4w3cep9tnh9ym6jhph8m,1739698,57,17
8BALL,8BALL,pool13ws3wf9skw0ngg3aze482tdxqsnfmvf4vgy46cux599mxm8n27g,1749475,43,17
PUMP,ADA TO THE MOON,pool1k99yncea8tq9pfeks3yymyj6fwjf4apx0s490j09m4y66vtyufr,1763325,85,17
WOOF,Woof Pool,pool1cg559cdc25fkvs73umj6w5nxlwy3mpmj02xt7p4v69eqs5ncz9k,1780136,100,15
TCSP1,TCSP1,pool1j3kzujz0m07detlksr26sx7smft8xn280695zgu60zjhge9566f,1784919,96,23
KAPY,KapyPool,pool18t0u9vf408ftjf9xdpj47gdwkeq3jz3jqyshumm7fvtfkcq7ul7,1822416,102,20
ZW3RK,Haskell CI Support Pool,pool1utqhj9g53a5cwg7tyd8neky7jvjlgzuf470adc0e69cp5uuquzx,1833080,94,19
KURIS,KURIS JAPAN,pool10q2fhzwe4f5k2llny65z5z2fuhrpk3x56fdc0782djdq58p9uee,1844601,114,15
1PCT6,1 Percent Pool #6 (v1),pool1ua0lx5ap5tj9f5l7tyjflp766ca5yu93djh5hqvm4e0kjgw5k7v,1850231,216,20
A3C,A3C Pool,pool1zkdaju2rjefa52uh6yh6etsxla0x6aqs6p6wm245y5szk7k3msd,1855998,104,19
SEBA,SEBA Pool,pool1h4gwh638485yd0xcw0pkrm935nvm4aecqsxjx2yzzz0u6dfj73q,1880004,92,20
WHITE,The WHITE Project,pool137j9xuzycq4jxfpsmjnc75w2wnpz68khlwvsh69kt5negg6ldhg,1889947,134,12
ALTZ,ALTZ,pool1gm4mcrf8mytfetsj6ykulrmv4j70y7fhceawgdg2h09t5rtt7cf,1894337,112,20
ASTCH,AssurancePool,pool1q2fh3cl6rx0wv5gry4qx5l4h65qpjf7x99xmq66nqj2fj5g6u9z,1895086,121,22
RADAR,RADAR Stake Pool,pool1l54qvzlg2jfalkcram9kxsa8vcmgy0fz845q5gptjq8k20kzg2r,1902082,81,17
SHARE,SHARE - For a good cause & ADA rewards,pool1af7dmzgcyp9kc5lyrtrtpsce58l6j5cjvc8wavkwmzlr53ym50v,1935880,117,26
ALLEY,Alleycat Stake Pool,pool193rdch53x9c53rmftlqgzj22vmz6w8z8hhut2ckzd2zej45zpap,1964007,119,17
ADAJP,ADA JAPAN POOL,pool1suvska2n58hqxqzzqwpw3558072vkmng0jezzgtlsj625yk7gt8,1964334,33,9
ALDIA,Cardano Al dia,pool185ev4czpm5hc9xud25xlcz5lhpnl2jztqas6mgxujqke7j5mdzc,1972300,135,22
TGEM,tk-gems,pool1tc6cy0cqknsm49cvsz0mksajfvlmh3vvcp8ngtmspycgx932w6g,1987990,111,17
BKIND,Smit Blockchain Operations,pool1m83drqwlugdt9jn7jkz8hx3pne53acfkd539d9cj8yr92dr4k9y,2004598,106,20
MASTR,Masterstake,pool1j3umdcuxcewcxz98wm3sx5xqwgxx0v7z376xyjfq4jgejpvv8fz,2016033,114,22
DEAD,[DEAD]POOL,pool1t8gjk7jzvujfv9s8q992e6s7tp8na0q3j62g7s4ppzfmccus4jk,2020439,142,21
XRAY4,XRAY | Network,pool19ru9alj7n5anmzs0f9gpzlj8kaq44yhcp45mldjvldxck8f6yg6,2020598,115,20
307,307Pool,pool190a9js7lk9lvmrngre7w268z9tz9xs9yz77audvw8ag4jerfdhx,2021361,116,22
JAPAN,JAPAN,pool19uynx6nxcdksmaqdcshjg487fap3rs3axyhrdqa7gdqgzgxss4y,2031824,153,25
MERIA,Meria,pool13nn6lk6dx5ww95h5qqeeazyp074j7en8e6qszq62rtj9wcx522z,2087069,46,16
WEED,CardanoWeed,pool1jv4yvr5edp7qp690hk3qfudwmw28n2wygjxyhaecqkzeqh0wlem,2089228,62,13
VIVID,Vivid Cardano,pool1nw42xqnaplxsx3fq4ytl4x4qqvhs7g5uymnm906pfvx5636fglw,2098540,37,12
AIR,ADABreathes,pool1sr953s548fudyhmfm082xp0mensv2gxzt4qpe466ykw0z3jjzvv,2135460,122,18
ALAB,ADA Labo,pool1nffpy6r7l4ueeedzvvzsta2vty9g6mtet6huuhfzyvndkwd35dl,2143651,171,24
YKSP,YOKOHAMA stake pool,pool1n6z7rf722heq35v2dxvstfwezgdt8cv0mftpv4r9jay3wjk2kkt,2181028,128,28
KRONO,🔱Kronos Stake Pool by Kaizen Crypto,pool1efxh54fk0dj5uu2e4eu08klxl5ys3saphv3kec33kw3xv8738sc,2181100,121,27
KYSN2,KysenPool Thunder 2,pool1d76p7zfn2ydq577z4wsvmnl2lx4cxa3s5vplfuhvr8qfw8hd05j,2186295,150,22
NMKR,NMKR,pool1aq2kqdp9xf9w47vttvmqnahwd4scz2qyddsr9l4mfru4qddg3kr,2191832,137,29
ECP,Earn Coin Pool,pool16cdtqyk0fvxzfkhjg3esjcuty4tnlpds5lj0lkmqmwdjyzaj7p8,2219924,73,26
SALT,Salt Pool - Hosky ISPO,pool1a2gt2mvuf5zvtqlvw2xgks2efze3p4r985ft62q64lua7gx7lal,2225896,148,21
SION,ANGEL stake pool #2,pool1qqq9tqyj69j9kygpxza3h82ynh8d0xlueucnu2yqum8nse8hj7y,2268505,112,20
KOR,Korea Pool,pool1gntlh2yq89tpsd7kgaeuremj3s60rscqahyl52qzv0x87mt22rq,2273447,165,30
ULTRA,ULTRA Pool,pool1m3gg43uhtetn4hmw79u8836dyq8qe4cex8qnn6mks5egza7n6tp,2286593,107,9
CAKE,STAKE for CAKE,pool1kvd03hq8kp0hnxq9lq598a5amrvauj9m386rwx7ydawvjdskwnh,2313875,122,21
ADMON,ADA Money,pool1fkg3cr9en57ccsmnde20eevkaeu3elp0h4yyqk3udkkxzhl70ju,2343352,96,25
RELAY,Relay Stake Pool,pool1dswpls43u0s6cpt0dh2d6npm0rnxh5qcjm9xax9y6fp3uq880xm,2363128,124,27
ARTZ,ARTZ Pool,pool127xwsah7jllutuhen8vl7sve5278h7hhxtnys3cl438dyhuwgjg,2387044,133,25
EARTH,EARTH,pool1py2uxkvuj926h42s40wxl26dh0ggaq882v4m0hkd99m86vzmwnz,2431347,141,28
BDRK,Bedrock Staking,pool1kprt6l4quz03dhqx8jw22spdjvp5dkshdnn567vlexqkj35hd8a,2440031,175,23
MANDA,Cardano Yoda Pool,pool1c3fjkls7d2aujud8y5xy5e0azu0ueatwn34u7jy3ql85ze3xya8,2444564,134,17
RIDGE,Ridge Line Pool,pool1apupv5qtfp2aa2xlrzzjzx0uj686g3n695a329nq8j5jvvzumz0,2463459,170,19
KSP,Kool Stake Pool,pool1chfk2749hyrwqqpj9fapredjsgw3fdauyxw3hn82kavqva6nv3w,2558134,141,31
ONYX,ONYX Stake Pool #2,pool1g6g2d09le8hd6nv9jhyavewdnw8tu0ndst4lqysd00ru24cav0a,2580896,205,16
AZDFM,AZDFM stake pool,pool1hnnfvsq3xlln6vz7d2xmk6kqekd5z4ctmfpdad8g8kr0yk8kdfd,2589077,248,31
BCSH6,Blue Cheese Stakehouse,pool1qzlw76zztkg02rywyypyw6s0gtkg2zpkaxhl6cq7eauqg8h9659,2607208,164,31
DIGI5,Digital Fortress,pool1jql92je87mrx5gpjhmwr6a8a766cktcf5p0p8wd0wxq87nu80yf,2610748,153,27
NERD2,Nerd Stake Pool,pool1xtrwqwu6jn896szjwsyxxjczl6hc9sq4lh5ax68f7dt3gc0y9rx,2612764,168,26
KTN4,KTN4,pool1x2h98z6e5xvrg5zw3v3dlu8hqdtj6lhp6r3w5ge7rvcqcx3pafq,2616823,467,21
BCSH5,Blue Cheese Stakehouse,pool1qzlw756y0z6ehg9jkerrfrydr7qlvzl5pgset33h3h2akst593a,2622030,169,35
LATIN,Latino_Staking_Pool,pool1arsqn9w87wpqlm0sre66gs79dcs0jmwulytgke3vut7u62lttu7,2622087,123,21
WAAUS,WAAUS,pool10qmnswfc22zm0fscg80gkwqz65ujwjkqmctv8g9l9l58wqtelgg,2625126,145,25
OBS,Ouroboros-暗号通貨革命,pool1qu48wpwwarmkewhlwge9xs87sgt8gdnqq26nnre2v6c8up4fxwr,2629159,312,31
CAPEX,CArdano Pools EXplained,pool1gppqnqfguctp6gu0q8l5wjhye0ny28yzfx93hkr384cfsezru0f,2660201,135,24
CRFN,Crypto Functional,pool1r2g9wv7jyt7haygrmrc2tst2m8m9ssrr3c690ffp49uhywhvmdl,2703049,138,22
RX78,RX-78,pool18heqrjtge2emf2hes4mdxkr76y99zztkqk4qtjr9dul0vuur0yu,2724007,106,21
THANK,Socious THANK Pool,pool1w3xys99a8xmwcwse4tqpqmyqqzykryfc4w7cvvjusej0vnxdlrf,2724137,131,21
JORGE,JORGE,pool10mf43thtl3keag50mrlvqa78xkwg7harmu4w5yzr3k7jvw0ap43,2734042,136,29
RDB,ADA Labo,pool10pd44d65586rldtdzuu88e7mn4sxjctvdksmt05nnqfzqu7g7hd,2738065,179,31
HOT,House Of Titans,pool167qekemyleju9g7eugaguqxh5telvmmmrs3a7sp897f6za308hg,2784646,158,48
CAPO,CardaPool.com - 0% Fees - ¡Midnight Token!,pool1t847w2hfv33qrra7q33nzq8epvcxv6ydshcq7w7j23c87xv2c2k,2857277,145,24
FGMTM,Figment 23,pool1anxttanf5g4cjgagns6cf084wq6x9k2pfygjdjyk3swf77wj2ax,2865236,102,22
CDN,Codanar,pool16e2x06wk8ufyakgrzq0c9p5tmfhl6w0c80raxr0xtg5g7aakhgh,2891759,134,27
LUNA9,Luna 9,pool1gdgjzmp96kk0d0sj482655wqlq8jtc4t9xw8xzfwfx4tjyq73hw,2907880,173,27
LOOT,Loot Pool,pool1s6x6kltycpxq82hyqhlqllqj3q5l2m8w499gvtu4xrfv29c0q2q,2945961,164,41
LGC,Late Game Crypto,pool13xzckaj3srgldr67dksx874jxe3c9xnc245xyr44p7cdxh07hft,2950420,222,44
SAND,Sandstone,pool1gqvrgg7zycvf65ydkjeph72t0yx0f5ykzd9f477zh4f3smwk997,2960347,161,28
NVL,Nuvola Digital,pool1uu65k00dp467qsszmqwl6udwnet3zszgx8n3kmn2aq84sae8ha9,2980449,152,29
ANET,AdaNet.io,pool1xwqye6mlftwjg706acz5fjqz7gmf4qdye99zsjl03a4ru68ghee,2983116,157,28
SKY2,skylightpool.com,pool1vafsg5t78rnx3qr3fv7ys9h50pnvxqhd4l8tj629l5zk7tc39ch,3040658,194,43
BSSP,Black Star Stake Pool,pool1druxd2syfrvqvepxh60fz0qhralcesruphh5atujuh0jktjy0ma,3067748,122,7
MYB,MIYABI KYOTO,pool1mcwcfl96ew79rmj4zxehr33p55e4e62dt4whyr2vqesswp9mmvz,3084255,282,46
BCSH2,Blue Cheese Stakehouse,pool1qzlw72zfwhhc0ptvzdpld06szu39x9mlm6782efy6sluz932fx6,3125330,189,31
SPP,SPP Stake Pool,pool1y9rdlv5tksudwrx47afjx47grd4tyh24zccffjtp32u0cfpegvk,3129409,189,32
EPOCH,EPOCH Stake Pool,pool1q0jmr57udknpq8k5qtgt5vgdjq9pzrzevf68966wxn8zgz7qy3w,3129949,170,24
NUFI4,Nu.Fi & AdaLite 4,pool167zl76srpt5a2gthpsq0ye9z4fpray5vsh7xyzcn63hd5mnw7fa,3140690,359,34
OKYM,OKAYAMA,pool14hhs6ruwnuaf4fzsmx89mvmjl2qhyy5jnzyk2le03886kj6z9yp,3240001,173,38
UKADA,UKADA,pool1wwzctexlp70mj00vv65mlhwhwresn58s9x7jl4tswvkg77eu7n7,3310301,168,21
VINCI,Da VINCI pool,pool1j8grqucdwwcr0cwzxrtw30vqcptg0jdlrmauq5w7ytvqx6nf5np,3312203,170,35
KYSN,KysenPool Thunder,pool1fyp482ntshhm9zfz4nv7pmsaeakscf5mnuzcxuvtqf6t56fc7l0,3312421,222,46
CSWP1,99% CSWAP DEX ISPO Pool [CSWP1],pool165ljt7xrrpceutz5ppe96suuw0jcnrvhg0f5vu60df0r5mt0x0c,3326850,189,29
ISPJ,Infinia Stake Pool Japan,pool1vce30junxx06g2ha8ww02cqgy644yj69ehhg2x95qe7323zfznp,3330931,182,23
COOL5,COOL5,pool1vdcu0y6ujrwmnv4u50j6upxkjug7cx7zsaynjvgkcm2ycmajelc,3351330,234,45
BANK,BankFi Pool,pool1m3h5p82m6v99nda37rmed8vrkqt43e2a8d89k76gw5ets0gdyag,3352876,167,32
4GOOD,4GOOD Stake Pool,pool19ht066hngsjfnv3mfsc8u9fgzl4w5qcrmh8l6zppwph6s2t7jn4,3377845,197,42
8964,A Cardano Pool Named 8964,pool1agwy5atgc4ptg3whplaxyz28g4dgvsna8auktszctkq8xmtl7dh,3380224,183,38
QCPOL,EN/FR community from Québec⚜️ Canada🍁 HOSKY ISPO,pool1c2utlagkpht4zj0jetsf245c258geuxnjqp9kf4f2z9rutx9dz4,3405406,156,32
FEEL,FEEL,pool1g4th3pqfzh4zajzrhlh8y6wpuztrkzxwt5wd7q578894j06gwfc,3441467,156,30
POP4,POP4,pool12lsfsh2s8yt8dvrt9m8kgrgr6ktntngvn2vad60xlqz7kxz9fxr,3463827,262,42
NASEC,NASEC pool,pool1429egqgv60r3nxlp6cvs08qcffv7duddjvyjd0pt6wzhj7akda8,3514717,198,44
1112,KOG 01,pool1522rtve5zlgnlh3zm5a4mcy3u7gpndg3kkac3xyzxmp6x6weca3,3515724,265,37
DAN,Cardano Dan's Stake Pool,pool1nhls8e9swnyshldgjknku4npreax075nw0ltrkmrarh4w3skxt9,3581644,216,30
SEBI,SEBI,pool189lfh7azuvxu0hyskwahnp35rtez0mzhsmule3742p3jkza00cq,3596316,149,36
ISPF,Infinia Stake Pool Fukuoka,pool1ck8rqpxp7j8kyzutk856fnvgm8xsqmuh922wkeeg32ekjjrvtc0,3618989,155,32
ASKP,💡 ADA Skepsis 💡,pool15j6hdfel6c6zcr8gu39qgp5xkrs264yn9hm8ynhaydjtxvmznxq,3633065,203,43
SEAL,adaseal.eu,pool104v7kzpq86r0wnfsz8r7jeld2raap92qq84trjcqk62zyh9akqt,3637945,149,48
ADA,Cardano24,pool1heks0vmxkfka2amg9c8yn8qdsxvgmzelfx6jhpfkj8ht5mn0r2m,3671083,409,42
LSSP,LoneStar Staking Pool,pool1q8a7ym63gurl72wr32je0tv0lp4p2uh8vzzc6rn6un7ryslvqmu,3680518,275,33
OCEA1,ADA Ocean One,pool1zk6uxgptztrxxamzd0ugrtu84xg8mjymd2xcdvxqazpruqt9r3x,3680775,211,31
GURU,Cardano GURU Pool,pool1j6zqawj6f58lp4p00t26eqe58gxx4pa3cudlzpkv23y92nlxjzd,3681405,328,43
BEAST,BEAST Pool,pool1h3aejp7fln74mwaraqjn65ve3j5zwqr7wk0pasct87wpkv0aspm,3699086,223,42
SMILE,SMILES ON AFRICA,pool1ea34czsr90yc63fmv4gj4tetp7ds7c4jhpj6vqg4yw40wvygdl3,3710405,320,38
HAZEL,Hazelpool,pool1h6q8jj55dn6727yydlypu0rz4sflf2enxhs0thqydmddgu3shl5,3711003,260,45
COOL4,COOL4,pool1w7pt822hfgw30xnkwpjzz0sr5psejksqdcdw4l0ms33lsgynp2e,3729681,186,22
LUKE,Don’t underestimate the Force,pool1hqwxta8p0j8ffkyle5mf6yg80tucqzh8q9mszws60xe5ja06nwa,3744883,209,34
HOSKY,HOSKY,pool19m98gdj84d4kxem5h6ch8fvj92pvauhg0y4ktmzr3mln6c45yly,3783504,66,28
RATS,RATS Pool,pool1tcmk6at0dmkytxgq5j4u7fgsx9kytvfu7gz22lrs8hp9ztu7arw,3789563,157,40
NIMUE,Nimuë Lady of the Lake Pool,pool1drv9qkh2tgqqucc0jp8cwswpmmkfzdd898ja7ac0uwm9j5d44tq,3810407,251,40
HEDGE,Hedges Stake Pool,pool19q034g07ka2ltwc3wwjeu79w29nlafc0w2ppne5ppu5wud60rgq,3815367,197,32
ONLY,OnlyBlocks,pool19v4jgpxxl72eaq8pefctatvts3gkhtyzd8nwvzskkm3mkdv2tpy,3817211,134,28
EUR,ADA Pool Europe,pool18gysxqfwz4j8rm3vlh6677vs9n23prvfr7gwe88mhn5uudgx9ng,3823722,255,31
1PCT6,1 Percent Pool #6 (v3),pool1nyf8x2xrlmfqwy9shqrlx2csentnzyjmxr0r3w0ljuaqz5ek7qz,3840870,279,38
247,Staking 24/7,pool1fuzqy5r9x98826zv6wp40tr27uplemmstkd57cuw8jh5v5m90vn,3858895,258,51
LEAP,Frogs on Cardano,pool154xmvhp4jnz7phwcla09uvzqnn3ch54lh2yzrt2znxdgc4trp8x,3887032,168,32
HIT,HIT Pool,pool1hezakp5r240dy4fcsm7mfd3qqahcvyrhj8hl770yxmxxzdwvcre,3903905,244,37
CALM,CALM,pool1pmrgd8snhv0nnj97xcg70nqqhg0v9g3d0e93jl8vn23wxtsxz53,3913162,200,44
CANUK,Cardano Canucks Pool,pool1fh4sh2telea0tfdy39h0drx6uq566yt9gf24edpz7335sclx39z,3919231,227,51
ADP,Adapolis,pool1jpz5m45ff4r6tnq7n5tw63fkhpmw3cyv8sn569w24x8lj3kl68c,3939716,191,37
1STEP,1STEP,pool1ar6nsa2uzng70uf8fdrttu5jhgxzgu2f4za8h845zr435nfcruw,4003512,258,27
1PCT,1 Percent Pool (v1),pool1supp67ypelmgzuzqqvarc6czgmg3ggwpnrnfr90xpfcqqf8h05t,4054688,241,44
GRANA,GranADA Pool,pool10fxpa6wkv0wc6wcmahcnz4wvvfx9m7547sevxrge3nfuv7yh8m0,4059065,254,41
WRM01,Wingriders - 1,pool19m547w9wkcqm5hcstz67fly4ucz0zsp3dqv4n956xyusy4dlpue,4091116,228,42
CSN2,Cardanoscan Pool 2,pool1mfgqn8n658vjdcvg3xgtr3qyet64fht0dzsukqeznxw36z8g2k6,4091584,203,44
CEMA1,Centimani Stake Pool,pool1t9m69j5thv2ke9jt9hhsgxlag44z7erp2s2ukcpruwhwqarc9np,4091864,249,50
BCSH1,Blue Cheese Stakehouse,pool1qzlwlyu92fsx94qu6u5nw3sy334f5yat3dv3jgx0grrsv0kp422,4096533,258,36
AMOON,ADA Moon Stake Pool,pool1qkd5y9azf2xx0gmrj68lrkcn59ldjmnpzd3y2rq3tvjp2vqljan,4146960,487,40
ATRMN,ATARASHIIMONO Stake Pool,pool1pgmuramw9waw9ckxsvpxmcn9p6fd4xl5jmavu8jje0x5vuc00l0,4227158,285,46
SWEET,Berry,pool165zu45p489lpuypt4fsuc5g8l9g9ha4dddlls84jlsp3k4vsw9p,4260390,207,46
EARN,Earn Stakepool,pool10jn0wjlh9y3w2ygq84u2llvlnxfz3lc4g0ssqlmpp3w3y2d2lw5,4352195,391,77
1PCT4,1 Percent Pool #4 (v2),pool17qvfg2g843gw6lurru282kkex6vp3pyj6zwj99j4u6k7zvmva5a,4374127,311,47
HADA,HADA.VN.COM,pool1rqgf6qd0p3wyf9dxf2w7qcddvgg4vu56l35ez2xqemhqun2gn7y,4402104,77,27
GENE,genePool One,pool19ae6xhzsscypyha0sszv90xwjsh20hxecxjpcqynshfawvwxqnn,4496304,252,48
CONGE,Congee Pool,pool1fxmancs3dmc9l0s7u7zrj8334m9nvzam5t5hnuuf4c7cjr6867m,4544155,307,48
CBH,Cardano Blockhouse,pool1cspe7naf0mtntwyysqxk6czah3jlh6v4cja8pdfju932yxsehnm,4550009,367,48
MASTR,Masterstake,pool1qqqq4md2rfdt75qvh3x9cgmkrgkl74ctcj3fnxpu3ylcudl22ex,4582200,303,56
ARRA,Arrakis,pool1cew2q6pge250exctkq26lyl0w95923xxa54thd79nv8xy9j3xe6,4592261,159,36
BRADA,BRADA POOL,pool1wz27a9pvd2jat98s375lxaaj7qxy405km4vzp83wn5vtwp59kvh,4635659,275,36
DDOS,Cardano Media Taiwan,pool15k0zeppza4qzgf6z7wmwsgvl5rz9f6489zxhrxqa8dj6jzju6ct,4658660,266,33
VEGAS,VEGASPool,pool1df9rj4n0t3zlpak7xnh4ue6t3yh9zlw7a02w4l8askp77up25rt,4678172,221,45
RPSP,RIPI Stake Pool,pool1tj3u8pz6732uy2ut3s90e0j880jyu9j0ve9vtu9zj5xzglhdlqy,4680708,288,39
AKYO,AKYO🥁,pool1jsxk3ymqv2gdc6mhqk52544g2aun4zhq5wgx6n32l5s3jlne70n,4769689,139,25
PLNGT,PlanningT,pool16cerhwlk8nq7rpuerr4g08tpgeq7awnhgxzkyalc8n8xjwzxqm3,4793059,257,41
LEGA,LegaSystems,pool1ytszp582dm9u5un6mevt9czgcnuqhflwfr9ly4ukpeqcughryqh,4912858,166,0
PIVT,Diamond,pool1l3wdq3cec23jadkt2cx384vtgd75ncau33smrptwj87n2wedc0d,4976127,233,34
IAGL1,Iagon liquidity stake pool 1,pool1ztk6dcj2nc3plnujf3ek6jqngtx8hcryufz56lyumemlcy2xxn0,5027322,299,44
BCW,BCW Technologies,pool1wun8t7nt4daw2zgv0vj7cmwru97vsw0fccucjzuvs7y0qlc8xyv,5050370,243,43
ATLAS,AtlasStakePool #2,pool1853ffwhtuka742fq4av7s3ssdpvzhdkpw53th3es36zkwrllj9g,5085346,343,69
RAMEN,RAMEN by 🥝Kiwipool Staking,pool1y53awxsm6cmksp8qht8qfq5f5c69t6mrgrdcresk5y0ecv2yj93,5098115,294,71
SUNNY,Sunshine Stake Pool #2,pool1p8fhygz7ga9hghhwmkr64p3ftn77lxu9nyddvsqszattcdyajc0,5121381,419,75
SS63,無双63 ADA POOL,pool1d9g45764jtjzagrmy5ndtrx4pua7l9sr4nh08l3mqs43xe6wnh9,5145443,329,53
ASTRA,Ad Astra Stake Pool,pool1qvhss6kxmtl27nr4ugvypayhvt4a4vzll8p9csdg2v8q7d22llu,5156497,354,49
FROG,ADAfrog 🐸,pool1qqqqzyqf8mlm70883zht60n4q6uqxg4a8x266sewv8ad2grkztl,5228735,298,53
NAP2,NAP2-Nekota ADA Pool,pool1y49e700dnx8lpvznmysgzw203mjq6l7um85ka4ys6x0zcwgs77w,5240439,273,48
lSPF0,🟣 Spectrum Finance | LBSP x2.25,pool1072lq3k32sfxs96s9qhrx3s9la2t68vrqwfsp7h9qnwk56yr2mv,5261445,394,69
LBA,LifeStake,pool1h59405hmvnxz2kyjpll3f65lnqhm7we3u96cws9vzzxzzws9gjc,5365973,352,55
PXLZ,PXLZ Staking Pool,pool1enul577he3e0s500lv8z98m6k936uecz2rpckxxmmk8c7k0n2rd,5404043,352,46
CCJ4,CCJ4,pool168t0xlm0dtdgf7d5w2mrm7ulsw4czpw297yvrpke9pmjcc9hz7k,5417563,241,40
TAM,TAM Stake Pool,pool18xjkr4xpscwxsatewj9lqc6z74vw90qycjd0wrypeqej673j5u8,5465065,299,59
CCJ,CCJ,pool189j5mz6wa0gfrakwvn2tar7qt309qxrmsgde5v6qwm892n6re3v,5495742,178,21
GG63,無双63 ADA POOL,pool1hjpax8lf2hmct63xxrspe9zzmmywcrzw89yg3nacu0axzy0latu,5532067,292,49
HOPE2,HOPE2,pool1x89ssjp53eczthatft9w74749558nsz3pq5jn056634pgt5m58s,5675192,242,67
FROG2,ADAfrog 2 🐸,pool1qqqqrwzy7njvjq9wph7usj5gghm3py9c97688ek8pgc7uem9cfz,5704133,345,61
PONTA,PONTA Pool,pool1hkr5zcthjvcn3ffncc4jqk5ctxxfrk37h7uddqnvxd4cu872nrt,5713858,336,52
WRFGS,"Stakepool for UNHCR, the UN Refugee Agency",pool1dmnyhw9uthknzcq4q6pwdc4vtfxz5zzrvd9eg432u60lzl959tw,5718156,299,65
1PCT1,1 Percent Pool #1 (v1),pool1s3z5qsg75dar26ykyzcz2u8wc2swgq7pyp7f9sdh5n06qh3jhq2,5760966,304,56
RKD,RAKUDA,pool1rxgxstg6t7azlsrk4vuuwp0jgl9e776dg86zqzaa0qt6vz43n9r,5819448,313,54
XRAY2,XRAY | Network,pool1ntfxj2jgvhzen8e86ed679ctukar3vj538ywyyq8ryld66jj4sx,5849568,566,72
PSYA,PsyADA,pool1zytydvyy3qztrs8l2xyggvkfcjctp23m2hc3aj7sudnzgny79cg,5876874,427,59
ADAAP,ADA ALPHA POOL,pool1djg8jsygtculv3q2qdrxtnpxfq003pdxcvlw2pvfupq7jm5xpgp,5902521,307,62
VINCE,VINCE pool,pool1lqpymyzg9glc88r7urptuv0d8t2tu9ty7xtshvxmgpu0j4lp8p3,5959559,338,61
SOCIO,Socious StakePool,pool1g2y0j7rsv7dpu8p6jt2dva3rxfqjl2zu0ag9dd0cfm8guzg0lh0,6089962,298,83
JOY,JOY,pool1lkpj6fa4l0sy39qfvyl4pcsnnd22y8np8j98vzwula2kuxgers4,6110816,413,73
UNDR,Pool Under,pool140x77a7cz2j689lmxf836qpjtc3y83rka28v6gpswxdw2mag62e,6125030,330,41
LONDN,London pool,pool18v9r8afalh50l4lstct2awdc3zspnvurcs7t45nv29uc2mnxc6c,6140894,355,62
CAN1,CanadaStakes,pool12eht6dqxpzqj87xuextrpufz2gxmt4reuesuw26r2utzw0kw906,6162046,323,59
KRSNA,✨Krishna Stake Pool by Kaizen Crypto,pool1zc7vxe3ymyej76h8wu8gm79chtt7w9c3adkza4uhrjvagr9w4zp,6184327,316,53
JOY2,JOY2,pool1udkx9rmgzf08z7zz4p7ykpdqsdv5nf0w8uf38wrsdn5dzk9nq4g,6198978,319,55
1PCT0,1 Percent Pool #0 (v2),pool1g8y2gz4sk7xhyaj469jlj3njyu5dlvqa7t7v9c2gk0yc69879z8,6311715,413,83
MUEN3,"MUEN3 CharityPrivatePool,",pool1e9wmzv9r2pkvhwddc3ay42axm9aggheae6u4e52tgx6326krg03,6382954,356,66
JSP,ADA HARVEST Staking Pool,pool1dhf4dt395f0c0ujnscazvzvw73ynzgwvtf5k4y9c907hwjdyaq4,6459418,393,66
PEGA,Pegasus,pool1hwlghkwnjsjk8370qt3dvp23d7urwm36f95fmxcz3np2kghknj9,6499743,354,71
BNTY1,Cryptobounty1,pool1dmqzwuql5mylffvn7ln3pr9j7kh4gdsssrmma5wgx56f6rtyf42,6660213,401,61
BAIDU,baidu,pool1c86ul4pnqvu7jzag8fjdy6dgrn6pt4ad4vmyq038hyg0wl2kaed,6728340,569,77
1PCT5,1 Percent Pool #5 (v1),pool1rkyc3ss904h066sffergss99r9p2kqa4k6ds0g4u5ud4x7yaajd,6730561,390,65
ASAHI,Asahi Stake Pool,pool12qtv7kyrx8g0d5890alk6dkc6n6nyfx80synspvqafjrqd3ergz,6776808,417,70
KTN2,KTN2,pool1q66d2n39uvln4hazyzv8fyq977mpqus78sjd2369qfn7cptdeyh,6975283,340,57
ZEIT,Zeitgeist Cardano Pool,pool1ev8fwfccn8gr0zcz3uyps0t0mcrefc6s95wjc6aed3ngc86y5rk,7032393,317,58
WMOPS,Waldmops,pool1k0xa8wlsntmjhtw2shj3tspqd4kjyquw9tuyx5s7zz5jsyw4y2p,7043933,323,64
mtma,mtma,pool1tp7fzx8w3lrwwuwff9x7nlqr4r5n0awpq0krwnahvj387n7y22h,7073409,404,71
NOSP,New One Stake Pool,pool1axngzl8clfn6pnjaf4w5r0q4tgcwktv0zcuxnn32hl995pthddr,7078304,369,78
KILN9,Kiln,pool1k3nkfa5ugavrpd9nwd3s6yyx454qxnquxwmux4rzfunl7q0z38t,7186493,3096,208
SA8,SMAN8,pool1a3ekt9me035qgju0en2w39vjns9ggtewnc9fugsmpgczvgtl6u9,7233246,399,66
SQQQ,SQQQ Stake Pool,pool1jvknf3dwtnqln5hcjrh5m7s979revuj5dlxr0337nwmm6p7250q,7270569,385,63
TAPSY,TapTap Vienna,pool16tcjctesjnks0p8sfrlf8f3d3vrp2fdn2msy80sgg3cdjtayu3z,7306180,404,66
NERD,Nerd Stake Pool,pool1u0mc9ywfxl529atxyajuz3pgqnwgnk6w7lejjmjg22ucvn7z9vh,7419545,482,79
CTEC2,CTEC2 Stake Pool,pool12ktz62g9d32nq0cdk9jyyqg6kquj7lnmx776at5h598supql0t2,7476266,402,71
NUFI0,Nu.Fi & AdaLite 0,pool15r7xg0vrrv2yu8wj3866eap8ftkuxvdk5rjz2lh4xajjq5v3p5d,7496321,447,74
QXT,Quixote Dream Pool,pool1x5dfpgp987e4jhxvgczr3wv50nv2pwd873tlx3uthvcasm422q6,7500496,535,64
CHOCO,CHOCO Stake Pool,pool125kh7e0y9lwya4sz5etmsk7hvga9jtfpuhw00vz9zvk6sh8xh5r,7522460,513,70
LEAD,LEAD Stake Pool,pool1a3kdettzvvlqvkl9m9hwe63ggeq5fgvz0twqew5c62dzx99vsed,7628131,431,101
NUFI8,Nu.Fi & AdaLite 8,pool1q0a7a94cfk4ph7gugj636tsuhhd98l2sfjv2adhaff2mvs7kmtl,7708502,433,81
NAHA,Kaze-Wa-Minamikara,pool1c3kxs76qj58284f923cx7ed8vw25en3nfghyurv0z9m2g3x9c4j,7814251,429,71
CFLOW,CashFlow,pool1u7mqtde27swkarngjsn5mmw3sy20zavlafgqkmg8qv2n2nwga0l,7870480,885,145
21ADA,21ADA,pool170hmssk80z2ameg7jhj5m8psnkjejcc77vfpd0875yggxhhntd0,7918430,476,77
CLAY,CLAY,pool1qgmwcxs8d8qmr0vtvsqd9u8gugrventh5dcqukmu79e2sgfuu8t,7921032,417,76
BBHMM,Blockchain Better Have My Money 💰,pool10p6wd9k0fwk2zqkqnqr8efyr7gms627ujk9dxgk6majskhawr6r,8034001,372,71
NINI,Nielsen-Nielsen,pool1rcd7qslz3xnpnk9u6tcwegy5r2574uf8suqu24ptg637jha3sr5,8099277,425,79
FARM,ADA Farm,pool1dpu6kslgxlg3ccrwxldl8e6r7ylnq0yalafmucp0yc7k6qegtt0,8187399,450,67
SGTRS,Sagittarius Pool,pool1les50pm26wpf8gym7cda470xgfswukzhyykvhyfsfl4dcu2ezj4,8210371,384,90
TERA2,⭐ TERA2 ⭐,pool12rs385dd534g8gtdtmnvlhq63whdvc6vnuzxa5cpx843zdy73qy,8256777,602,67
DCONE,DCOne Crypto Pool,pool1xvaagsvl9prlr20hvg2qv434yss5c88r2ml6n43wcpepxmw85lj,8260939,253,93
COOL3,COOL3,pool1ppqdq5yfkkllrcj0u47pakg9e4ha568pz3a9kkrr6w2kyw8gxv7,8330965,470,82
4KOMA,4KOMA-StakePool,pool16rahfu936wdfq34wf6t8rqxvdjxayra5f7y80xq0udnqglrqel9,8339589,490,89
WAV7,wavepool.digital,pool1u99x2rr6trfznwakv0959llmxmtgc2nvanc067uugl3ejuvvnc8,8351431,523,89
XRAY3,XRAY | Network,pool1yt868wrp9s2x5pehe96del9m3nwasme62yw02vww3kg6zwzspcz,8561396,595,96
SCAR,SCARdano,pool1u4sxd6x0qsy7evljt24vtnyhpxd098n609sfcmly6c096mr3jgq,8635210,430,30
JP5,JAPAN5,pool1larpvn53yyufaf8fh89nrrpgruqcq8mgxrtdxp5y87cqse3yfg2,8651096,486,83
CDNTH,Cardano Thailand,pool10scv5quxduhrcc26wpurhk743dngspe8dc3zpkkam0svyx6ejx3,8657271,472,77
JP4,JAPAN4,pool1llxh8l0h8g9ghz3nrzh7ndvev4x43vnk72nsemzm795vxqs6dp8,8669242,543,85
000,Switzerland Investment,pool1q80jjs53w0fx836n8g38gtdwr8ck5zre3da90peuxn84sj3cu0r,8721996,350,87
OTG,🌟 Star Forge ⚡,pool1eqj3dzpkcklc2r0v8pt8adrhrshq8m4zsev072ga7a52uj5wv5c,8750278,607,97
YOON,Your ADA Moon,pool1lxqewhueg4hzyad766zhdwsjet5348ww8mzejf6fprxaw8wfq5s,8789410,467,92
OSAKA,OSAKA-Pool,pool1lhvpgr8lhsf6h03v9zqxm74pa63rdxx4yuvkqfw4tv9fua8t37a,9072537,656,101
SNEK,Snek,pool1q9049mstrv5czwyylpf3xen08pmvsfsgtru4wf3zvc9uxat2sm0,9325274,492,79
AACC,AACC,pool1mwp8ewtzmun0426v9z0h9um2amswgfzn78rckfl2fc3t5sy0m5g,9347566,448,96
HOPE,HOPE,pool1vh4y864hcq2r66ak37w4dsnkhnsfxaaacs0p5s4vj5676m6txwm,9481093,548,101
1PCT4,1 Percent Pool #4 (v1),pool1vnsfv2qpt5gxte9prupjey8kw7ap7t6c8lc02ks4s3gtqplhgd3,9493947,640,102
1PCT1,1 Percent Pool #1 (v2),pool1uzla0r73fvpnvxr07m98nfzlxcv3q26mkjz00cqjfh7uqsyjkju,9551607,550,91
BEAVR,Beaver Pool!,pool1ty7lh3nvtwxlcpqg2x30fkr3j9ys6nprztr9m4zp3aajxyjk2vz,9601249,557,110
CRDN,CARDANIANS.io #1,pool1a5jd3x2udlvpm9mt4gpau4jlags6qtth6jdsguryh2zy27f5ttj,9636529,269,105
SPS,StakePool Service,pool155cu3s06js3llfh07vnzepatfuvt3s5s7uwldt9rzz55wz7pugt,9675319,656,95
SECUR,FIVE SecureStaking.io,pool14n77mmxh6a2d9k05jamzdwsws2ayvkyje8uc7led958p63at3aj,9752966,482,102
STACK,ADASTACK,pool1jjry6f6q0swaq457ft9eclaxaskvrxnpj0v3w8edsyfryml3vj6,9806757,627,85
MUEN,"MUEN-StakePool,",pool15z87p296y3m7eq8pwuu8qs6h2v4d2ctnx3yd2vqpl6txkkdvl5h,9835828,492,87
ZZZ4,ZZZ4,pool1spus7k8cy5qcs82xhw60dwwk2d4vrfs0m5vr2zst04gtq700gjn,9842722,575,95
RGDL,Ragdoll,pool1rw29y8c5md2rm4ynkrqhpm9saatd0a0xzyyc6xudelgkww5junh,10055002,550,114
BRAVO,Bravo pool Two,pool1pfdd8d8n7jx0xnk4uev3x36se87c747w6l2d5x7fanh5w9evhw2,10174617,598,110
KOPI,KOPI 咖啡 Singapore,pool1ld9hkah2dkzh73pvh9tf6xr0x28us34msv3zcv2sase5vhvq962,10200380,727,122
SKY,wavepool.digital,pool1g5gmej3cj67td4pmvmacnls8nuq0gjld2pwfeg3jwpxujdx6lmu,10266218,606,100
MIMSA,mimosa,pool1pj5jnehwjtt4esfl0325hr338n98v3kcww3sggce59ugyf2f883,10306239,421,103
FGMT5,Figment 5,pool1mvtxupzcgdtslv2sw0l3f4zlhd3a69fue6gu0vhqz47w7j5zryx,10483687,538,87
1PCT8,1 Percent Pool #8 (v1),pool1ddgcpgjcyawxw95se9x8qnc8gxgwjr4fqrk4vk6v9x47s0ggpjp,10485507,330,97
1PCT3,1 Percent Pool #3 (v2),pool1g0nq3m3fnvd245k4favcvutn09vce0yshg535f68d2xa54vy0cc,10569027,585,99
BCSH4,Blue Cheese Stakehouse,pool1qzlw7den2mlj0fmm65g0fnf46vyhzkhmdaf0f8v3s6skuue6rlk,10655239,574,111
ONYX,ONYX Stake Pool #1,pool17xextu09ghdfcmsq83whq0a45geg83jxe4qt94sevu087tzdzkl,10655520,709,117
TREFI,TreFi_Capital,pool1k7zrx5rw6cvef9m5qtp9sy4e53u93kwqx73ykz7md9gmwgf56yk,10693509,569,88
FISH,stakefish,pool1xlphlhnjvfeh40vcqf9fdewztsj6kyxq6604kaccpv00umjfu0d,10807023,657,110
CARAT,Diamond Pool,pool1qetkrhjs9fll3nthuxk6zp0ssanf3rszg5wh8x79mg67gsg7vjv,10808804,603,119
YASP,YeatAnotherStakePool,pool16qr7dz5q4vwf3n87t4lmr0d2zlr5knexpdzkuk4trc8dwed7aw3,10839383,552,92
KILN1,Kiln,pool1fcp4d2pxh0e7q5ju63sjqcdpxpr3pvxg6ykl23t6c97d7dnvjvw,10847725,1292,115
1PCT3,1 Percent Pool #3 (v1),pool12mmcc4rc2fzfv7gyv8h06nvnsrm3m7erzdv8x6gzvjxlu2lf09n,10931630,823,130
JAZZ4,JAZZ4,pool1fmcv9p7vv754rwc0p6ud2mgm76vnn0gq0gngrk7rq400vsvhsvs,10966404,624,118
DIGI6,Digital Fortress,pool13pt7us94nw782t5v4d89sz8zqn8hcn8r8r7hhph5mvxvvp3c76v,10975385,610,108
CAMP,CampFireStakePool,pool1qmsck80ldwm23t4t5elxc857r82ph3urkt7tpyq65ntn2dv2ust,11022285,555,102
CHIL,Chile_Stake_po,pool10eltx2wej46e62ulmwzm35xfu0azu47yvpjper7gwhncqe74vg6,11157898,581,114
SPS3,StakePool Service No.3,pool1lqucyxuvjktfmpf7fd28j54cfgamyrxed344vnwlm9wqkwjeqwk,11165505,732,110
CTEC,CTEC Stake Pool,pool154hq0j6u6ydz62mtlu7xaj78mhreyp0zsv2kq7f0qmne2fu4t7y,11166321,798,116
1PCT9,1 Percent Pool #9 (v1),pool1kkfkdces5mdcyc9dn2hgg3463jggjvw3h89nejjarkz25uavaqu,11238378,884,148
SODM,shiodome47,pool18vj02k4taarxxsdr36jxftcc5x270vsysp078j0n3v0njh0dt9x,11267521,187,74
STP,StakePools Cardano Pool,pool1ue4ngerz28nkpstsr5p53qvl5ulq3jtmllj4my0d0n28yyrn4l4,11318864,578,122
ISP,Ikinari Stake Pool,pool1hkpgddlnya3pgktj3sxdraa8x8400vhaphcudvym9ye22esak43,11452961,680,118
POP,POP,pool19ejln2jcpg5dphc8m5nh8sya49sycsqj0v2cjxw6nku966cc8nu,11495907,711,123
LQWD,Liqwid,pool16r6g7plyuh4cqs9f3qy97l4rh5edwx3w9xvd205mhj2e58cpp28,11565145,1086,179
F4ADA,Friends4ADA,pool10efuydxjnasr0309lqklmj9xahupdnzqd59r5dqjeh4twz06tr0,11626437,596,113
LQWD,Liqwid,pool1gecx8vya3f8lyre2gn9w53547p0rhkmq0x78zrw956lkcvn8uyp,11629203,1006,171
CARDs,Cardanistas StakePool,pool1jt7d6ak3m8gnjyxtuxfswe258xzwda80ndl0a57vv5m2zv8h6at,11708662,654,101
APEX,Apex Stake Pool,pool12wpfng6cu7dz38yduaul3ngfm44xhv5xmech68m5fwe4wu77udd,11745736,231,68
ALPS,ALPS - The Alpine Stake Pool,pool1zmfpd5r5vfwjmwm4cgy53exe58h7plnecny3t4948yw7zumzp4c,11881206,898,123
NUFI3,Nu.Fi & AdaLite 3,pool1jg3fmnmc9n52sgzslhhvhye5e3xeqmrwkekdhh82sma47r47zg0,11882468,623,110
SWIM,The Swimming Pool,pool1xxhs2zw5xa4g54d5p62j46nlqzwp8jklqvuv2agjlapwjx9qkg9,11886217,763,147
FGMT4,Figment 4,pool1mdzxt5rl2sgnehedgnl0jwk8vumsglequrap26qgg0uwg4cuq52,11979532,530,83
AHL,AHLNET,pool1qqq6qqa0hpzvumv5p87ynczfmdj557xuwlc3289ke42g72z7f74,12061728,626,106
NUFI6,Nu.Fi & AdaLite 6,pool1ea568m9q882n0tx5d4vxff2dmz2n7rq5h62hx5ystq625m4tcfu,12184044,651,121
NUFI2,Nu.Fi & AdaLite 2,pool1ecvcst7k9eul4ggnljh0jw2s5nc2tyfmyzsx3xg3kmmz6ptgfwj,12187490,720,125
ADAGE,ADAGE,pool1swe9nsv8lzugakjkfv04dn38scmq48wzynmn0lxasupuzmqcgjm,12266777,797,117
ARM1,ArmADA StakePool,pool15txd36fltfgc63qq0yxtpqt88eu76s0yhugn9a6q7f4zspq6k5f,12282914,645,118
BLOOM,Bloom Four,pool1uyvyxt9k9g038h567x8halej4x87j7m4r4zyz9lhv4dcv83husk,12312816,825,154
MYUJK,MYUJK Pool,pool1c60f68y8406zjmacluvcu8c0krgngp6h2qkkqhdz4mtl62ns0dq,12380187,647,123
SQUID,Squid Pool,pool1evg78egp8gfqae273kvmmdee2dnt6vty60dpwdespg4hujznh3a,12429539,743,137
NEDS3,NEDSCAVE.IO,pool1gas95lqlch5pj5e4lwg78gxlq7km9xfurfd557x4tgwk5kktd04,12475557,751,185
STSH2,Stake Shark #2,pool14enw2643rn9nn6yzv60jyz3hj4kxs0jvap87lkgsqykh508jxm6,12501506,673,134
KILN3,Kiln,pool1mtxmk0skqkr5y0wxnxps4n35j6wn9q8dfr82y423vvlp53vccux,12546209,1506,126
CCJ3,CCJ3,pool1fg42yz0qpu5jd0gd3g5xty4mm6jdxkje8szag8h798nyyxw6zd3,12584953,949,141
IBEX,IBEX ADA Pool,pool16v0jqnz2zuqsdrf6z94ec5rx9ds0xeghsvmddauzt6j5w2u7lsm,12653461,689,127
BREAK,BreakingADA,pool1crts5gmqr34gsrn6wvrhfs9yqp0ynu8t2t4r350xp80s6pc56ue,12670565,598,150
BLOOM,Bloom Three,pool17kew7rtakc7g6qzydntann5umw08xq3ll2j7spk7en4kvff69fa,12789010,793,141
JP3,JAPAN3,pool1xrrrr8gldqz8pjxj6j8c638a9py04xuv66kfgn2dlsx9g52te0t,12797474,782,114
NUFIA,Nu.Fi & AdaLite A,pool1uhy50u9y76nd6z2xmzt3mta0yc7g3gdssef8lheyyg7zzymgzm8,12844689,756,133
YYG,YOYOGI POOL,pool1lp9wmr8dkcceta5we999nvlfh9um06cd6sggtt5523eawf7mtg4,12870801,783,142
BANDA,banderini,pool1fm57fshvdlrgs5pnpk78tnxha0me28equyy96vj0xm85gy5chv0,13070329,862,126
POWER,POWER Stake Pool 1,pool1uk2f28awascuhrhuwrp7x6y87x8ch33vwx8jtmrysp7l5ngq78j,13139787,777,145
FUND,Cardanode: 0.00% Fee & 100% Rewards Guaranteed,pool1jufp9k6gmyusvch65ra8yk2s7wu6cx5fsgnltl83p93ejg6h3xg,13203585,767,124
COSD,Centre for Open Systems Deployment,pool1e98xlcgj80c3rdmm27v5hnvrdtut52e65uk0ema7ctfag596vr2,13281146,730,117
THOR,THOR - The Viking Pool,pool1grgycym8cf0xmgjjr7gx7udmkpu93hqaygysy5myx6ghx8dvl5r,13498357,775,165
TERA,⭐ TERA ⭐,pool1wyfau3rlkckr3clr4mkyxn9vdlrkup0fj7uyyflfccmms24gm3a,13509024,879,151
CSN1,Cardanoscan Pool 1,pool10hex9l4wjgqarvhr94xgyh9frv5lhtajhrj4dah0kl65jtws30k,13544132,784,143
CEX,CEX.IO Validator,pool18jqumjfevywycjj54m62g74ghds4mmuyqynpwfkaem0xktazlqw,13676013,742,142
PILOT,Pilot Pool 2,pool104gtn3hvp9lz5l6wevhjj98e45s7rfaa4zzvk9pex7nn786qncr,13852890,924,153
PUDIM,Pudim's pool,pool1ujcu3myfg9wwvdyh2ks653954lamtufy3lefjs73jrr327q53j4,13931413,720,118
STI2,stakit.io Pool 2 by TOBG,pool147en6w8f9cplnn5x7qt4ese7fpacmmcwuffrtu0yqxpaz4agppr,13962064,860,137
BITA,BITA,pool1850xvydng5mkjzkwqw6566y7e6hsrgakc3y87jrnqrkrwdjua2p,14029384,773,158
CASP,Cardaspians,pool10tqeu6d03p6rnalqlvdshmpsljxaq2c0ww6draq6xm8lgyl2a3p,14160340,603,104
EDEN,Garden Pool Five,pool142xwjhpcvtp7tahpmn8tlnek7smefp9wn66z67j8vjpmjxqdg56,14466619,825,147
ACL,A CardanoLand pool ACL,pool1pemnlylem2e94xguhd3fytj90848kpv4agvr6rthx2tp58z79ek,14554442,918,141
Pier2,Pier Two,pool1m4njkh73pdj90xxkgaz9dnh7gffweeupft8nfurlntg6cgqfmy8,14828171,579,93
MANA,MANA,pool1tpy5yawzpetcverves0h6xdycxgrstehfvrkygydt9jcqxwpw3j,14971205,900,133
WA1,Watashitachi1,pool1whk6lawmfz4zq5fw8zghglp23452gnm9zgs59nqafhpexwcvute,15005671,1096,161
CRDN3,CARDANIANS.io #4,pool1kmsr376syqkluhxvv8k2axugqw7unjmlkwhfxjxtj7cw7qcn0jn,15295036,880,148
SARGA,SargatxetPool,pool1aqg6fvhcaulvss2ruvpx6ur9vj7pejvdcxv6xp0qlwuwx94evf0,15430632,934,153
SKY3,wavepool.digital,pool1xn4kqt45xh3udf87kmtkdfz8xh9qn6trlqsf39eusk23ufmxhgr,15454518,1009,74
AZUR3,AzureADA3,pool1hkklrx9ac7w57d79mnv76rxlgq4acg5ecwhyep7k3zn0u5cz2k9,15586281,1022,163
PSB,PSILOBLOX,pool17taqml487n9t4r9a6ppvf9qv0qlw2lu4zcrzwfdsfcv6xp7uqym,15604438,903,127
NUFI1,Nu.Fi & AdaLite 1,pool1caulv7s08g0jnptzdc69qycptacu7fzahny2epzh7sh9vhqz6xz,15697161,871,134
VAMP,Vampyre Fund,pool1vs689gkmqtrljtmcwd2690nzqm2yyq23wk2zzx5g0v0gs5ug64a,15825376,843,165
XRAY1,XRAY | Network,pool1rjxdqghfjw5rv6lxg8qhedkechvfgnsqhl8rrzwck9g45n43yql,15844109,950,184
FGMTJ,Figment 20,pool1dzdglfergm9km74055n6c9xsp8n78ec8ztsklgxg5c5gyrfz9zc,15934973,651,160
BLOOM,Bloom Five,pool19r8kcmqpajlm6h5q0lv8jye0q7evdur39wfsgs4z98fcqpz9lct,16120519,890,187
ADI,Cardanesia,pool1pfprlfz0ywcnewjegazz05ghgcfkvu40v6edsz6yn8w362sdjr8,16299584,1497,223
SPS4,StakePool Service No.4,pool1mqy259k253xryf4hvdq0n72n2uvadcgp34r0fxwpqzm0z5n0qp6,16313285,944,156
ACL,A CardanoLand pool ACL,pool1hht4pctn70tqdsd0zwuxv8d8cz6l5scjzaquty7vamyzy78eqvc,16539709,960,166
STSH3,Stake Shark #3,pool13annzt9hjfc822f0ejvxjf7fsmxd6cc28whpk5kagec6ggfmm7u,16543840,935,158
OCEA5,ADA Ocean Five,pool1s0cfkzheywsftgwp0yz7sq4rt5gyf7t5kfwj5a269kpxvndjn6q,16610936,1134,207
U0001,U0001,pool1flkcdxj7cq6sfgl4fujx50p20ylqgj02kgwvfj4g5w24s6th8vz,16706318,993,171
SPS5,StakePool Service No.5,pool1xftlxx9slpz59thcgtwgdj3k9e0ntn3p4qnmzs3r84dkx0hccjc,17051362,1275,204
ZZZ5,ZZZ5,pool1jx4ss2zjage3cw0wht3450328y82yeprmq4fr3e2qtac2rhezkv,17410581,1124,189
CERO,Cero Stake Pool,pool1lskcfz80qg2kr2p6776kl9emjn8ulkqsqse7um7skz4y2lwa0cu,17521328,1056,177
TOIRO,TOIRO Pool,pool130c3kgpkjctag540j7sxqfrlhsmpc6d8u0n7j6crm9ayy75mkpt,17571426,967,176
BURN,BURN Pool,pool1r0sxz0hygfc0266lhdclve6j3cwcwlth6dya6uey65yxjnwm7qc,17591949,739,149
NEDS2,NEDSCAVE.IO,pool1cn0dqtplwf67fds40hgkf0u5rm4q4azev5qutmgkw5hdyvue2ue,17811426,1240,179
RANMA,RANMA Pool,pool1qvkdjemewy8phhrkdhscjcnh3947f5ae42rdfjkv6gkgkjtlfsg,18220383,1022,173
MORH,MORH,pool1slwxj0t3575lx0rfw2x3z7dqf26jpls566pdwydvlk0jgw96lre,18287978,1017,188
AZUR2,AzureADA2,pool1m4enp55hp80tf6xl7k6f6593wnyu3pr83xfvef9x3ktdw9m0em5,18641504,1150,194
MIMIC,MIMICPool,pool1w4g7j8u97pvu2q7gsdaupnng0a2vmyllygfewhc29m2j5cehysn,18862148,1035,184
RSNG,Infinity Rising 1,pool1mkjtce8r8yeku0mmc9vpwl0scuwuwc8lz89ckpj3k0kwgvlunv5,19002297,690,242
MUEN2,MUEN2 CharityPrivatePool,pool1l6vtae673eltsx86sk4xxr3fnn9tk8e99jkrdvcmjqlc6cca4nk,19082993,974,186
STSH1,Stake Shark #1,pool15wkxegrfflzcyhurrjxsm9ljqtz09xr5rtnqsarnp7hmsz5um3t,19109241,943,190
NUFI5,Nu.Fi & AdaLite 5,pool1jdhjfcu34lq88rypdtslzwyf27uh0h3apcr9mjd68zhc69r29fy,19417995,1064,206
KTOP,KTOP_ADA SPO and WMT ENO,pool135h773klt7djljmyawkh88e8qc457wxqfhc6j9h6y9n4y3sgh7t,19497796,1007,175
COOL,COOL,pool1vxvdypctdecvc2j7xu9y8h2fdxvkpjy2pp8luwg2h6dx5jlv0nk,19596751,984,190
FGMT7,Figment 7,pool1u8f87frd3k6cy9lp4uk5faj53wfzh8smxjdpt8ua45f0x8s5v58,19647203,804,194
SPS2,StakePool Service No.2,pool10quq4wlghwrvmhdzc7geq22pyhzegccwj56ax2g8hx0cjfahufs,19687006,1695,254
JAZZ2,JAZZ2,pool1gwnu7f7qgaruxph8gn3u28qphvquvnj63elyd3r0nndacj9g9pa,19957550,1162,163
ASPEN,Aspen Pool by Woodland Pools,pool1qku2yhky7sv4dfjfv42uyvauhehuqevk25aw952d7ulzqzx3jcu,19993669,988,208
AUTO,AutoStake II,pool1ljywsch33t7gaf02aeeqkqpuku0ngpwl9fm04t7u5sl5xyunmgp,20137541,1133,216
POP2,POP2,pool1etfar35l4tf6vam3gvqf5dnaq7levz32vgw4p00jzk7q7twg2te,20173597,1127,176
BSP,The Brothership Pool,pool13846y7q7tng3endxhet9qdcz5w0fjs09ytcye4dm5g54wmyqeqr,20647483,1229,225
SPIR2,Spire Staking | 🏆 Top 10 Operator,pool1yj9xduuwzvdkcwm2mc9x893zq684x7pyah4ja8zmzplgvxz6wgk,20799656,833,180
MS9,Moonstake 9,pool1s04pdfl3sv5gzuc80322rc4ne0xs7gekux7gtckvvwt7qutjy6w,20887372,1021,166
QQQ,QQQ,pool12udshcl3ycj4qpxes28n0ugsye23h89rj8z2a5ast4482m08xe7,20932951,1307,189
WBFL,Well-being Financial Lounge,pool1lu0gwsvugl2cgx6gzk9zqdjwutd5szp293wpvwj4fvq4jleg8ww,21051179,1156,221
DIGI3,Digital Fortress,pool1ppznyu6qrvlw9uuqa3tslryjd40nh56jyvmaqw6kdf4kzq3y8kh,21335599,1344,194
ANGEL,ANGEL stake pool,pool1qqqyv9pn9typyqwcxqk5ewpxy5p27g5j2ms58hpp2c2kuzs5z77,21663568,1370,238
KAIZN,Kaizen Crypto Stake Pool,pool1jeu74g86ys4fekhykqcww99kdsq3nlym8a6kfw8s8ff3vskad70,21826990,1261,237
BCSH,Blue Cheese Stakehouse,pool1qzlw7z5mutmd39ldyjnp8n650weqe55z5p8dl3fagac3ge0nx8l,22167026,1105,206
OYSTR,Oyster Pool | Midnight | Mithril | Rosen Bridge,pool1l6aeyn35nkqkn9lqqlwqnpraakdzuukjrqprcrj3sctk6hhe32k,22233003,1375,235
4ADA,Staking4ADA.org,pool15ccmgcc4k9t8auxw9v4dfjmrl2kqnuevawn8z6n7xv09utw9hh3,22293005,1393,232
BIRD,Early Bird Pool,pool1fs2m5rmlx66crcwwrrsf2pcxjhvk7kzdurcqusd3v5gm65cufnj,22408974,1058,232
TERA3,⭐ TERA3 ⭐,pool149d5lzg7m6susau4f4yfdztgkty34qrcdpvd3ygsetmljgxxf8g,22457775,1139,237
ADV4,ADAvault Stake Pool 4,pool19k9grwq9cdswn4k7vxzmwcls24jj3466g4s4xr5vucehcqpslfy,22576501,2091,262
STAKE,🌍 PLANETSTAKE 1,pool1qqvukkkfr3ux4qylfkrky23f6trl2l6xjluv36z90ax7gfa8yxt,22628905,1236,202
HYPER,Hyperlink Pool,pool1yc6f3cqsc7jfh07hcns64v5cp8720mve870pgxf2wkr3u8l7tse,22686877,1564,273
BASHO,BASHO,pool1asfgkqtmjuusclgx72xpzvpw336gkulchtstsx9lsj9uqzjckv0,22946337,1317,243
NUFI9,Nu.Fi & AdaLite 9,pool1fqwnqk3phwa2s5thgym8dw34pv0z67m526uqprnjh93cvzxymef,23122746,1312,240
ZZZ3,ZZZ3,pool1smy2r8jdvgna5ykhe8rrch7h4qalyfafyzyh0rmanmq0jxptww7,23293690,1257,233
JAZZ,JAZZ,pool1h0524mtazrjnzqh5e4u060jsfk8lpsqqjfpa5gygjwuhqu34wvt,23704987,1194,176
WEP,world economic pool,pool189vq6ay0gku9tkqc2t3nfjk3n88mm23grmfas852jruw6fjlkaf,23725972,1145,265
JAZZ3,JAZZ3,pool1hsq2jrulgj97tna2femdhsfn2wurkkwt8uk9uvs42h9zs0a783p,23782589,1233,244
ALFA,Alfa Pool,pool18qddv82sx8p22uxzdrf0qx9lkewxadlr9ef45kpcf7dzz3n56qv,23802867,1106,245
RIZIN,RIZIN,pool1pjmqlsyny06w0x60rfd3seul5xc9pluh3t08y55ylhks28jeh7c,23897321,1315,213
NUFIB,Nu.Fi & AdaLite B,pool104avq7309gjm0fxms69yqusxy8zf888k4mamngg5vnc6vculpzq,24378427,1372,252
MS5,Moonstake 5,pool19lz8nyz0jjpdrdtnjaar4untk4th23gpg5s7aegn7480zff4vgq,24430580,1678,291
VIPER,🐍Viper Stake Pool #2,pool1qvvn2l690zm3v2p0f3vd66ly6cfs2wjqx34zpqcx5pwsx3eprtp,24459255,1147,220
CRFA,Cardano Fans,pool1d3gckjrphwytzw2uavgkxskwe08msumzsfj4lxnpcnpks3zjml3,24680983,1319,255
NKR,NKR ADA POOL,pool10ya6hxrssmyhl560gqyalhqxudkgfjdlc0e4krww6wweyaeajs8,24703420,1689,238
CCJ2,CCJ2,pool13pclvkwxee4znt7qc55k8ny89zvdkvfrt04dtd99zjm5vs2tws5,24818998,1490,243
PRIDE,Stake with Pride - Hosky ISPO,pool1j099ctc7kcc9fa78dz5qwsy2g0n96lrgletwxvxmyzh4zd7ck0j,24851142,1509,241
SIPO3,SITION POOL3,pool1p5ja48uqc7pjnuqvwu7cgmspvx938qpnf4zqm0x2k0ngkh4lkjx,24866558,1592,277
XSP,X-StakePool,pool10zyf32q3w3n9x940j6yqgkwuegzn77p94wcmpku6gvmrqw8a97d,25105053,1433,239
BCSH0,Blue Cheese Stakehouse,pool1qzlwlpcsgflr9z3f24fg836tyq45p0kf5cnrp20s8v0psp6tdkx,25285576,1191,227
HISAI,Hisa~i🌺Okinawa,pool1lfnlxfxxwvjadesxzm4c7grgs3elj70vfdnpjwjmg0ufsqnq52t,25298610,1425,244
WORLD,Cardano World,pool107rsdzswa5s3y8wk5z62tgh5lhm790dsyqjp4lq66fht7qnaq9d,25302143,978,241
NAP,NAP-Nekota ADA Pool,pool126mkma8nv5axltmz7mmg8qz9e70nmhnf58hwx5772fhwgkhk6ag,25311355,1065,202
SIPO2,SITION POOL2,pool18rhzlrv83a7ygj7cp5uv8dx07qkn5drhe8nh6f3qvhv66xcyj2m,25378746,1756,291
NUFI7,Nu.Fi & AdaLite 7,pool16hs0jxw7h6pwg3ru7rcq3yvg4csj7lhmcpj68kqem2sh5nt8mwk,25406795,1427,245
SAKE,SAKE🍶,pool1xlfty06hg6q23qvcaxwv3p9ke7ff9n34qpr8tpxt2zflyq20ceh,25692338,1879,294
BLC3,BigLazyCat3,pool139gdv4lxw53enk4rms0ryr4ey07k56jufmfrclqqehjdzglheu6,26015652,736,213
NUFI,Nu.Fi & AdaLite,pool1qnrqc7zpwye2r9wtkayh2dryvfqs7unp99f2039duljrsaffq5c,26406161,1626,294
CTAX,COINTAX,pool1xlra52x2es7dmsvpmcp2922h89h346awe7yuu664e50yvrzaaqe,26512926,1492,272
COSMC,Cosmic Asset Stake Pool,pool1c3ecg6h4m73a2mftmdm9mz3gxklxmnzuwzl9e38lzd4y26qcm8a,26548731,1488,274
NEDS4,NEDSCAVE.IO,pool1vdh6kxcqt9mxavyv80ggnec6jjwms44ms30rhle3lt266aj8jgh,26812073,1407,223
EDEN,Garden Pool Three,pool1c7jrfce3zxkk9s9enzpvwj8fuayvx3pdzc2k2es6mrw6gsfcjep,27050141,1558,271
FORTE,The independent,pool1gqgyta9sku3crjzfl9kj7kxsgfkt98y98yeu09kx22zscrezuj7,27154390,1569,238
RANKT,RANKT,pool1zdtqtsu3l3ytatzyvrq48d4mpnll9c5evwfq6taxkmn9vvdz839,27684666,882,207
RED,CrimsonPool,pool1mn6relcs7dn2fqzfq5yjlwxa49d900p5sdpw62jlx45k2djgwe4,27709351,1242,263
CAFE2,CardanoCafe Two,pool1ufp38a9zwlvvrzcyxaxdrvav50nd7az5lyuzh4t0h3qp2gqamsx,27807393,832,264
LOVE,StakeLove,pool1jhzf2mm6zdlhl6w89uhgx8nq8p6ykcc86qq58vjy0ejyxrrksfj,27990110,1238,275
DINO,Cardino Stake Pool,pool1rvjj8cp3urh7de07pm0ceqha2x4lxws69lhd4429dm6djfjsy4l,28209860,1497,250
BERRY,Berry,pool19f6guwy97mmnxg9dz65rxyj8hq07qxud886hamyu4fgfz7dj9gl,28293982,1732,305
OCEAN,ADA Ocean,pool1a2nh3ktswllhwf07fjahpdg5mpqyq7j950pyftq9765r6t4cefl,28541565,2029,348
SUNNY,Sunshine Stake Pool,pool195gdnmj6smzuakm4etxsxw3fgh8asqc4awtcskpyfnkpcvh2v8t,28645869,1918,277
SASA2,SASA Stake Pool2,pool153sc4fct34a680nyfj4084w8dpax6c0zt0js8zqvg3sj7wtk486,28794646,1252,255
ELITE,01  ▫  Elite Stake Pool,pool1qwa8x4u4a2pff0xdv0haxpgk3tyrvl5adl2lpf3ztcftqruhea0,28855895,1469,295
DIGI4,Digital Fortress,pool1jz5ljsnj4fzmk84j0wcw9ldy866dn07nzqg2ktyuyjvfvr3jgtq,29006839,1745,317
HRMS,Hermes Stakepool Germany #1,pool16fyda57p3c8gp5r6gmcq5tvqsp6mnzwvkxswgznkuh8wztrp6vv,29278576,2122,274
SMAUG,竜SM₳UG,pool14wk2m2af7y4gk5uzlsmsunn7d9ppldvcxxa5an9r5ywek8330fg,29656131,1815,315
MIN,Minswap,pool1ases3nklh6gyjf74r7dqm89exjfd520z9cefqru959wcccmrdlk,29779413,2091,309
COFFE,CoffeePool☕️,pool1r55hyfrd3tw6nzpkvf4rfceh2f04yph92fc462phnd0akp2s5r6,29918471,1656,257
MOMO,MOMO ADA POOL,pool1cmdq8atcy8x7lfhh09vdumveuh0ywsx0269ur774nvzkyhma37d,30231092,1840,331
KTN3,KTN3,pool1pvu2zdexh8wr4ggmuz90jvqrua6an43qj9m9urs785p8kwjzqwl,30310120,1910,307
ZZZ,ZZZ,pool1vxz0deezj5c2950e7arpzfqxzq8zd9kawsullrzjw5rsq0yhxgr,30740194,1708,315
CRDN1,CARDANIANS.io #2,pool1ukeqarukv9gxwy9pt8jkr4qvad2yf87758g3xzemmvmtk8lrynp,31081983,2035,325
BLOOM,Bloom,pool12vs4c3cm0tr49c7alrevfs0xa5g3s4al4fn46h33e69uusat04v,31152565,1976,328
DAPP,Dapp Central Stake Pool,pool1qakys0fxx5p2fxcnsc2tyjpqa88q7qgtdh5t3a32hplv6fg25r9,31423089,2302,345
ZZZ2,ZZZ2,pool14mm59ntjqzphjr6chrww639cdr3yjce4qcwzc5jkk38y22u7uc6,31621869,1946,350
KIWI,KIWI by 🥝Kiwipool Staking,pool1vquhv3kh6xkklckaenl8alyuhfsld57ef5573aqauueyqacx4ak,31665180,1807,328
OCEA4,ADA Ocean Four,pool1ell3xjtspzzz4vtsatscan6rheltf7j3hh2s8qsam2h3jvcxzm9,31901570,2349,304
EVE3,Everstake,pool1xmsdhync6k6grkkj7tuycskjpseykpr24luhlazl5nsngsy87gm,31914484,1895,324
1PCT7,1 Percent Pool #7 (v1),pool1w8ham64lthvzzxzn5hknq4yrj8xt2nark409s2xmntlwvt4ag3r,32348198,1746,321
0AAAA,AAAA pool,pool193uec04jldvah7r52q86wl033g4v42x0aste8jfg9999qepaxfp,32407577,2531,435
STI,stakit.io Pool by TOBG,pool1nudasuv0lljpe0tswcverqvlh0v4226vgnpsuxn0e9nkvnvcvne,32456169,1933,354
qzsbu,qzsbu,pool13h08lf24fjmxxg0mmuattjv8dvy0r6fc4hrqg4qmj38xsweexrv,32492415,1758,293
COOL2,COOL2,pool1myvgx4ef424e6nw2strqq7dxcepav52plyyhxrk0avaw7y098l2,32529011,2452,355
HODLR,Midnight ▫ 0% fee,pool1eaeynp2hs06v4x8q65jfm2xqcd3dc80rv220gmxvwg8m5sd6e7a,32599526,1213,259
OCEA2,ADA Ocean Two,pool1ctzja2cdwyeqnvehmrlclc5wrn9w9acwklk3acn73jrx56d66vs,32600439,2065,347
A4G,ADA4Good ❤️ ADA + Save the Children ❤️,pool1ewrm7y47s9hv6hxku9n5gfnsuspymp0qqpwgvgm9rvm37cek2h6,33200782,1863,312
XSP2,X-StakePool2,pool14fjmlppz76667ws3jl5luejf2wgztuhpsftulvh3ucc65anqgve,33531929,2150,363
FGMTO,Figment 25,pool1umukx8qjyjuatw0zznvhc7ma06wl6pdc2ly50d7uv3svkkefjml,33938034,465,345
ESTK,Everstake,pool1jst7rrhucnp93hepezv5yqy6fx982xs2v0udwfc5ea6my3kfak7,34136278,1829,340
FGMT9,Figment 9,pool159s558a4ffhp9nqjp9dx048lphdlxjc8xmy5pcmfe4jhuxe4a2u,34447503,1721,346
EDEN,Garden Pool,pool16kus5xvdysgmtjp0hhlwt72tsm0yn2zcn0a8wg9emc6c75lxvmc,34698423,1768,334
DIGI2,Digital Fortress,pool1lvsa8e0dw6z8g2fkw7prnfa7627wuy5jjexaadck6w5sxw5xkvm,34944901,1883,320
GCD,Gleaming Cyan Davinci,pool18gsrasdghtjsnzlf20pht85l4epwag74w9pfx5qvdvcpxw68sl6,35006253,1847,306
FCS,Futuristic Cadet Swartz,pool1hyqdlnuff3rnvg9lx70ccca2xqxcezzz4998tp6chhxnx2st257,35009761,1905,335
CVM,Curly Viridian Moore,pool19zz6frugmvm82ecgl5hh5vq3093d4kzr4h2r5vfmt6la7trk929,35012136,1928,367
N/A,n/a,pool1fxra32qureulvqrhrdpnrl5yechhqreg2khrghv3tkl4z66t0rm,35015664,1951,344
TIA,Thoughtful Iris Albattani,pool15kek228mhvnsncdjn77u8qtrn8hjh5wfzmh6g942xf0353yc77j,35020442,1982,386
FGMTD,Figment 13,pool1da9msyhpfmt58vrdkk7lpzgwldvc0t7q46kvpcyvvpff7347lsp,35159921,623,296
ZETE,Zetetic,pool15zrkyr0f80hxlt4scv72tej8l8zwrcphmrega9wutqchjekceal,35576131,2005,367
BTCS,BitcoinSuisse01,pool1m06dl8dfcy6d0475fanf0mtnnp2tzhw8rarums042q3jux23q0j,35803495,1545,384
JP2,JAPAN2,pool1k0xrqp03mn9u3q3sadndd6vu9udl5v38xpzyw0shm8sskuxw2av,35973502,1972,360
NUFIE,Nu.Fi & AdaLite E,pool1f8erepj5w5nth5xfxgxnwpz59jzywt6zdwfr50jzjwfwksmg9ek,36767856,2038,359
BLOOM,Bloom Six,pool13crd2ljx87988umk22er6ynwadfwdqupdpcq6prc6v59z62kxse,36882407,2156,366
ECO,ECO Pool,pool1wt0pf4u2xktp0f7apveu242w6nkm4ltk3m8g039lvuhwq4zdtf3,37277937,2508,398
ADAST,AdaStrong,pool1uthdnav2zc2hxpg2hyeyy545lnxtl8lqdcdqxjm0j8t5srmyvzj,37950821,1950,342
CLIO1,CLIO1,pool1c89d4drtwn0048mekkdkzllz559ahnntxelyw2mppxnmc36hjlx,38546576,1869,410
MOKSH,Moksh Stake Pool,pool1v5u6wzakuc25q3zpx04t8gjz3rgu60wuxkv2mh5nga23xjkc86s,38722761,1990,251
